prefill_chunk,kv_prefill,n_decode,kv_decode,time_us
0,0,1,16,9.109
0,0,1,32,11.4877
0,0,1,64,13.952
0,0,1,128,19.797
0,0,1,256,20.032
0,0,1,512,20.651
0,0,1,1024,29.1417
0,0,2,16,10.2827
0,0,2,32,12.704
0,0,2,64,15.4787
0,0,2,128,21.9313
0,0,2,256,22.7733
0,0,2,512,30.0163
0,0,2,1024,36.672
0,0,4,16,10.6453
0,0,4,32,13.2587
0,0,4,64,16.4053
0,0,4,128,23.435
0,0,4,256,29.931
0,0,4,512,37.451
0,0,4,1024,55.2117
0,0,8,16,11.1467
0,0,8,32,14.4217
0,0,8,64,17.728
0,0,8,128,31.189
0,0,8,256,37.8023
0,0,8,512,55.883
0,0,8,1024,89.3557
0,0,16,16,14.3043
0,0,16,32,19.9993
0,0,16,64,24.9817
0,0,16,128,34.5493
0,0,16,256,51.4553
0,0,16,512,86.5707
0,0,16,1024,153.046
0,0,32,16,21.109
0,0,32,32,30.826
0,0,32,64,40.928
0,0,32,128,58.305
0,0,32,256,90.625
0,0,32,512,156.513
0,0,32,1024,288.545
0,0,64,16,32.6507
0,0,64,32,49.8883
0,0,64,64,67.6487
0,0,64,128,102.379
0,0,64,256,166.913
0,0,64,512,299.179
0,0,64,1024,557.017
0,0,128,16,57.696
0,0,128,32,89.302
0,0,128,64,120.78
0,0,128,128,188.673
0,0,128,256,315.65
0,0,128,512,572.078
0,0,128,1024,1081.36
0,0,256,16,106.347
0,0,256,32,166.316
0,0,256,64,228.343
0,0,256,128,362.061
0,0,256,256,601.614
0,0,256,512,1098.21
0,0,256,1024,2084.04
16,0,0,0,10.8803
16,0,1,16,17.3443
16,0,1,32,19.7443
16,0,1,64,22.368
16,0,1,128,29.1093
16,0,1,256,29.2053
16,0,1,512,30.1877
16,0,1,1024,37.077
16,0,2,16,17.365
16,0,2,32,19.8727
16,0,2,64,22.4103
16,0,2,128,29.3337
16,0,2,256,30.2723
16,0,2,512,37.217
16,0,2,1024,44.5437
16,0,4,16,17.643
16,0,4,32,20.3097
16,0,4,64,23.275
16,0,4,128,30.795
16,0,4,256,37.205
16,0,4,512,45.0987
16,0,4,1024,63.1793
16,0,8,16,18.3897
16,0,8,32,21.451
16,0,8,64,24.5553
16,0,8,128,38.6777
16,0,8,256,45.8667
16,0,8,512,64.406
16,0,8,1024,97.4937
16,0,16,16,21.6953
16,0,16,32,27.3923
16,0,16,64,32.2883
16,0,16,128,42.0483
16,0,16,256,59.755
16,0,16,512,93.4293
16,0,16,1024,160.673
16,0,32,16,28.139
16,0,32,32,38.1013
16,0,32,64,48.4383
16,0,32,128,66.5493
16,0,32,256,99.19
16,0,32,512,164.94
16,0,32,1024,296.748
16,0,64,16,41.6213
16,0,64,32,58.8057
16,0,64,64,77.718
16,0,64,128,111.81
16,0,64,256,176.492
16,0,64,512,307.852
16,0,64,1024,565.518
16,0,128,16,66.3473
16,0,128,32,98.0697
16,0,128,64,130.006
16,0,128,128,198.22
16,0,128,256,325.868
16,0,128,512,582.126
16,0,128,1024,1090.57
16,16,0,0,11.04
16,16,1,16,17.6327
16,16,1,32,20.054
16,16,1,64,22.624
16,16,1,128,29.1723
16,16,1,256,29.6857
16,16,1,512,30.2517
16,16,1,1024,36.6833
16,16,2,16,17.5147
16,16,2,32,20.139
16,16,2,64,22.688
16,16,2,128,29.568
16,16,2,256,30.6887
16,16,2,512,37.5993
16,16,2,1024,45.2807
16,16,4,16,17.984
16,16,4,32,20.683
16,16,4,64,23.531
16,16,4,128,30.8693
16,16,4,256,37.749
16,16,4,512,45.717
16,16,4,1024,63.6373
16,16,8,16,18.5927
16,16,8,32,21.6643
16,16,8,64,24.7243
16,16,8,128,38.6777
16,16,8,256,46.4643
16,16,8,512,63.626
16,16,8,1024,97.7287
16,16,16,16,21.8667
16,16,16,32,27.6587
16,16,16,64,32.5977
16,16,16,128,42.4213
16,16,16,256,59.339
16,16,16,512,93.7283
16,16,16,1024,160.236
16,16,32,16,28.3843
16,16,32,32,38.1013
16,16,32,64,48.8963
16,16,32,128,66.4113
16,16,32,256,99.6267
16,16,32,512,165.377
16,16,32,1024,296.716
16,16,64,16,42.2187
16,16,64,32,59.3707
16,16,64,64,77.9847
16,16,64,128,112.16
16,16,64,256,177.132
16,16,64,512,308.386
16,16,64,1024,566.841
16,16,128,16,66.4747
16,16,128,32,98.251
16,16,128,64,130.54
16,16,128,128,197.398
16,16,128,256,326.381
16,16,128,512,582.979
16,16,128,1024,1089.6
16,32,0,0,13.3653
16,32,1,16,19.9257
16,32,1,32,22.4
16,32,1,64,24.939
16,32,1,128,31.4347
16,32,1,256,32.0117
16,32,1,512,32.5547
16,32,1,1024,39.446
16,32,2,16,19.8507
16,32,2,32,22.411
16,32,2,64,24.9393
16,32,2,128,31.979
16,32,2,256,32.9603
16,32,2,512,39.6473
16,32,2,1024,47.296
16,32,4,16,20.299
16,32,4,32,22.9333
16,32,4,64,25.5893
16,32,4,128,33.558
16,32,4,256,39.809
16,32,4,512,48.1923
16,32,4,1024,65.1633
16,32,8,16,20.982
16,32,8,32,24.032
16,32,8,64,27.1683
16,32,8,128,40.886
16,32,8,256,48.8007
16,32,8,512,65.7817
16,32,8,1024,99.638
16,32,16,16,23.968
16,32,16,32,29.7073
16,32,16,64,34.774
16,32,16,128,44.7473
16,32,16,256,61.952
16,32,16,512,96.139
16,32,16,1024,164.481
16,32,32,16,30.9657
16,32,32,32,40.8213
16,32,32,64,50.9657
16,32,32,128,69.2167
16,32,32,256,101.515
16,32,32,512,166.795
16,32,32,1024,299.266
16,32,64,16,44.1707
16,32,64,32,61.6637
16,32,64,64,80.1497
16,32,64,128,114.571
16,32,64,256,179.084
16,32,64,512,309.411
16,32,64,1024,568.141
16,32,128,16,69.035
16,32,128,32,100.929
16,32,128,64,132.651
16,32,128,128,200.299
16,32,128,256,326.913
16,32,128,512,586.691
16,32,128,1024,1092.6
16,64,0,0,15.947
16,64,1,16,22.443
16,64,1,32,24.9497
16,64,1,64,27.52
16,64,1,128,34.0587
16,64,1,256,34.7527
16,64,1,512,35.104
16,64,1,1024,42.4213
16,64,2,16,22.4533
16,64,2,32,24.939
16,64,2,64,27.5523
16,64,2,128,34.8167
16,64,2,256,35.211
16,64,2,512,42.6883
16,64,2,1024,49.8783
16,64,4,16,22.7837
16,64,4,32,25.5253
16,64,4,64,28.747
16,64,4,128,35.819
16,64,4,256,41.984
16,64,4,512,50.325
16,64,4,1024,67.8507
16,64,8,16,23.5093
16,64,8,32,26.7623
16,64,8,64,29.76
16,64,8,128,43.7223
16,64,8,256,51.2857
16,64,8,512,68.4907
16,64,8,1024,101.91
16,64,16,16,26.7843
16,64,16,32,32.608
16,64,16,64,37.44
16,64,16,128,47.7767
16,64,16,256,64.4597
16,64,16,512,99.0517
16,64,16,1024,165.996
16,64,32,16,33.376
16,64,32,32,43.1677
16,64,32,64,53.2903
16,64,32,128,71.1467
16,64,32,256,104.715
16,64,32,512,170.38
16,64,32,1024,300.396
16,64,64,16,46.763
16,64,64,32,64.2033
16,64,64,64,82.6457
16,64,64,128,117.142
16,64,64,256,181.943
16,64,64,512,311.692
16,64,64,1024,571.726
16,64,128,16,71.6273
16,64,128,32,103.211
16,64,128,64,134.582
16,64,128,128,203.542
16,64,128,256,329.793
16,64,128,512,586.243
16,64,128,1024,1097.07
16,128,0,0,25.3007
16,128,1,16,32.1603
16,128,1,32,34.923
16,128,1,64,37.1947
16,128,1,128,43.5523
16,128,1,256,44.0853
16,128,1,512,44.8103
16,128,1,1024,51.756
16,128,2,16,32.4063
16,128,2,32,34.667
16,128,2,64,37.536
16,128,2,128,44.161
16,128,2,256,44.7473
16,128,2,512,51.947
16,128,2,1024,59.6177
16,128,4,16,32.5337
16,128,4,32,35.478
16,128,4,64,38.5713
16,128,4,128,45.6637
16,128,4,256,52.0527
16,128,4,512,60.2453
16,128,4,1024,78.497
16,128,8,16,33.3127
16,128,8,32,36.459
16,128,8,64,39.5737
16,128,8,128,52.9607
16,128,8,256,61.088
16,128,8,512,78.87
16,128,8,1024,112.162
16,128,16,16,36.491
16,128,16,32,42.048
16,128,16,64,47.424
16,128,16,128,57.7607
16,128,16,256,74.6033
16,128,16,512,108.555
16,128,16,1024,176.278
16,128,32,16,43.008
16,128,32,32,53.4517
16,128,32,64,63.7977
16,128,32,128,81.1953
16,128,32,256,114.315
16,128,32,512,180.726
16,128,32,1024,313.228
16,128,64,16,56.832
16,128,64,32,74.496
16,128,64,64,93.121
16,128,64,128,127.574
16,128,64,256,192.385
16,128,64,512,323.095
16,128,64,1024,581.475
16,128,128,16,81.419
16,128,128,32,113.057
16,128,128,64,145.259
16,128,128,128,212.555
16,128,128,256,339.831
16,128,128,512,596.249
16,128,128,1024,1109.38
16,256,0,0,25.8243
16,256,1,16,32.5767
16,256,1,32,34.784
16,256,1,64,37.653
16,256,1,128,43.915
16,256,1,256,44.288
16,256,1,512,45.2803
16,256,1,1024,52.0747
16,256,2,16,32.64
16,256,2,32,34.966
16,256,2,64,37.7703
16,256,2,128,44.3517
16,256,2,256,44.992
16,256,2,512,52.0967
16,256,2,1024,60.3633
16,256,4,16,33.1523
16,256,4,32,35.4777
16,256,4,64,38.8593
16,256,4,128,45.888
16,256,4,256,52.4057
16,256,4,512,60.9497
16,256,4,1024,78.6247
16,256,8,16,33.5467
16,256,8,32,36.715
16,256,8,64,39.4877
16,256,8,128,53.2483
16,256,8,256,61.3443
16,256,8,512,79.8927
16,256,8,1024,113.003
16,256,16,16,36.9607
16,256,16,32,42.293
16,256,16,64,47.5523
16,256,16,128,58.486
16,256,16,256,75.158
16,256,16,512,110.028
16,256,16,1024,177.163
16,256,32,16,43.2
16,256,32,32,54.0163
16,256,32,64,64.3523
16,256,32,128,82.123
16,256,32,256,114.774
16,256,32,512,181.376
16,256,32,1024,312.588
16,256,64,16,57.3767
16,256,64,32,75.0293
16,256,64,64,93.3977
16,256,64,128,127.755
16,256,64,256,192.321
16,256,64,512,322.998
16,256,64,1024,580.909
16,256,128,16,81.5893
16,256,128,32,113.44
16,256,128,64,146.081
16,256,128,128,212.897
16,256,128,256,340.663
16,256,128,512,597.539
16,256,128,1024,1106.04
16,512,0,0,26.912
16,512,1,16,33.365
16,512,1,32,35.6057
16,512,1,64,38.3683
16,512,1,128,44.747
16,512,1,256,45.0987
16,512,1,512,45.8447
16,512,1,1024,53.3017
16,512,2,16,33.398
16,512,2,32,35.733
16,512,2,64,38.4323
16,512,2,128,45.2483
16,512,2,256,45.8347
16,512,2,512,52.9493
16,512,2,1024,61.3877
16,512,4,16,33.867
16,512,4,32,36.406
16,512,4,64,39.5413
16,512,4,128,46.5067
16,512,4,256,53.568
16,512,4,512,62.1227
16,512,4,1024,79.381
16,512,8,16,34.5067
16,512,8,32,37.579
16,512,8,64,40.5967
16,512,8,128,54.25
16,512,8,256,62.4747
16,512,8,512,81.099
16,512,8,1024,115.425
16,512,16,16,37.5893
16,512,16,32,43.7867
16,512,16,64,49.5997
16,512,16,128,59.2747
16,512,16,256,75.808
16,512,16,512,110.507
16,512,16,1024,179.798
16,512,32,16,44.64
16,512,32,32,55.6483
16,512,32,64,66.027
16,512,32,128,83.787
16,512,32,256,116.203
16,512,32,512,183.03
16,512,32,1024,313.58
16,512,64,16,58.048
16,512,64,32,76.3317
16,512,64,64,93.5683
16,512,64,128,128.64
16,512,64,256,193.346
16,512,64,512,324.833
16,512,64,1024,583.085
16,512,128,16,82.795
16,512,128,32,115.158
16,512,128,64,146.464
16,512,128,128,213.718
16,512,128,256,340.929
16,512,128,512,597.528
16,512,128,1024,1107.22
16,1024,0,0,34.0583
16,1024,1,16,41.3757
16,1024,1,32,43.3487
16,1024,1,64,46.5597
16,1024,1,128,52.394
16,1024,1,256,53.0997
16,1024,1,512,53.6427
16,1024,1,1024,60.523
16,1024,2,16,41.024
16,1024,2,32,43.04
16,1024,2,64,46.294
16,1024,2,128,52.683
16,1024,2,256,53.6533
16,1024,2,512,61.0773
16,1024,2,1024,68.9917
16,1024,4,16,41.2377
16,1024,4,32,43.7977
16,1024,4,64,46.9443
16,1024,4,128,54.1437
16,1024,4,256,61.1307
16,1024,4,512,70.101
16,1024,4,1024,88.3623
16,1024,8,16,42.3147
16,1024,8,32,45.4617
16,1024,8,64,48.491
16,1024,8,128,62.496
16,1024,8,256,71.0513
16,1024,8,512,87.883
16,1024,8,1024,121.921
16,1024,16,16,45.7067
16,1024,16,32,51.35
16,1024,16,64,56.2673
16,1024,16,128,66.5923
16,1024,16,256,84.619
16,1024,16,512,118.39
16,1024,16,1024,185.899
16,1024,32,16,52.65
16,1024,32,32,62.9123
16,1024,32,64,73.6747
16,1024,32,128,90.667
16,1024,32,256,124.032
16,1024,32,512,190.4
16,1024,32,1024,321.537
16,1024,64,16,65.866
16,1024,64,32,83.9357
16,1024,64,64,101.921
16,1024,64,128,136.993
16,1024,64,256,201.281
16,1024,64,512,331.212
16,1024,64,1024,588.654
16,1024,128,16,89.899
16,1024,128,32,122.72
16,1024,128,64,154.283
16,1024,128,128,220.289
16,1024,128,256,348.151
16,1024,128,512,605.688
16,1024,128,1024,1115.7
32,0,0,0,22.6983
32,0,1,16,29.377
32,0,1,32,31.8613
32,0,1,64,34.56
32,0,1,128,40.8757
32,0,1,256,41.0883
32,0,1,512,41.9953
32,0,1,1024,48.6833
32,0,2,16,29.4513
32,0,2,32,32.064
32,0,2,64,34.56
32,0,2,128,41.2473
32,0,2,256,42.037
32,0,2,512,49.3227
32,0,2,1024,56.928
32,0,4,16,29.867
32,0,4,32,32.448
32,0,4,64,35.2853
32,0,4,128,42.6663
32,0,4,256,49.4727
32,0,4,512,57.9633
32,0,4,1024,76.278
32,0,8,16,30.4743
32,0,8,32,33.44
32,0,8,64,36.5653
32,0,8,128,50.8163
32,0,8,256,58.3787
32,0,8,512,76.416
32,0,8,1024,109.972
32,0,16,16,33.6
32,0,16,32,39.4663
32,0,16,64,44.4487
32,0,16,128,54.56
32,0,16,256,72.6723
32,0,16,512,106.261
32,0,16,1024,173.76
32,0,32,16,40.1707
32,0,32,32,50.1867
32,0,32,64,61.2057
32,0,32,128,79.477
32,0,32,256,111.669
32,0,32,512,178.432
32,0,32,1024,309.463
32,0,64,16,54.027
32,0,64,32,71.9583
32,0,64,64,90.198
32,0,64,128,124.982
32,0,64,256,189.494
32,0,64,512,320.438
32,0,64,1024,578.861
32,0,128,16,78.6243
32,0,128,32,110.636
32,0,128,64,142.358
32,0,128,128,210.006
32,0,128,256,337.122
32,0,128,512,593.154
32,0,128,1024,1103.48
32,16,0,0,22.816
32,16,1,16,29.536
32,16,1,32,31.925
32,16,1,64,34.603
32,16,1,128,41.0883
32,16,1,256,41.377
32,16,1,512,42.1337
32,16,1,1024,48.993
32,16,2,16,29.5897
32,16,2,32,32.0857
32,16,2,64,34.6347
32,16,2,128,41.654
32,16,2,256,42.347
32,16,2,512,49.6217
32,16,2,1024,57.824
32,16,4,16,29.899
32,16,4,32,32.6403
32,16,4,64,35.4987
32,16,4,128,42.71
32,16,4,256,49.59
32,16,4,512,57.7923
32,16,4,1024,75.467
32,16,8,16,30.6353
32,16,8,32,33.6957
32,16,8,64,36.661
32,16,8,128,50.6457
32,16,8,256,58.7843
32,16,8,512,75.5313
32,16,8,1024,110.24
32,16,16,16,33.7493
32,16,16,32,39.3713
32,16,16,64,44.6613
32,16,16,128,55.0933
32,16,16,256,72.043
32,16,16,512,106.283
32,16,16,1024,173.472
32,16,32,16,40.533
32,16,32,32,50.24
32,16,32,64,60.9817
32,16,32,128,79.317
32,16,32,256,111.991
32,16,32,512,177.921
32,16,32,1024,309.026
32,16,64,16,53.835
32,16,64,32,71.691
32,16,64,64,90.603
32,16,64,128,124.982
32,16,64,256,189.185
32,16,64,512,320.225
32,16,64,1024,578.978
32,16,128,16,78.4753
32,16,128,32,110.475
32,16,128,64,142.539
32,16,128,128,210.177
32,16,128,256,337.441
32,16,128,512,593.603
32,16,128,1024,1103.26
32,32,0,0,23.051
32,32,1,16,29.6963
32,32,1,32,32.203
32,32,1,64,34.699
32,32,1,128,41.024
32,32,1,256,41.6743
32,32,1,512,42.3467
32,32,1,1024,49.301
32,32,2,16,29.782
32,32,2,32,32.2453
32,32,2,64,34.9017
32,32,2,128,41.5897
32,32,2,256,42.4107
32,32,2,512,49.387
32,32,2,1024,57.408
32,32,4,16,30.0377
32,32,4,32,32.7257
32,32,4,64,35.7227
32,32,4,128,42.9547
32,32,4,256,49.6003
32,32,4,512,57.611
32,32,4,1024,75.8187
32,32,8,16,30.7317
32,32,8,32,33.9523
32,32,8,64,36.842
32,32,8,128,50.443
32,32,8,256,58.8173
32,32,8,512,76.2137
32,32,8,1024,109.526
32,32,16,16,33.8133
32,32,16,32,39.5953
32,32,16,64,44.4697
32,32,16,128,55.382
32,32,16,256,72.171
32,32,16,512,107.041
32,32,16,1024,174.038
32,32,32,16,40.5867
32,32,32,32,50.709
32,32,32,64,61.3123
32,32,32,128,79.116
32,32,32,256,112.043
32,32,32,512,177.813
32,32,32,1024,308.759
32,32,64,16,54.4313
32,32,64,32,72.0857
32,32,64,64,89.8567
32,32,64,128,125.856
32,32,64,256,190.113
32,32,64,512,320.898
32,32,64,1024,578.969
32,32,128,16,78.6353
32,32,128,32,110.976
32,32,128,64,142.614
32,32,128,128,210.443
32,32,128,256,336.822
32,32,128,512,595.074
32,32,128,1024,1104.33
32,64,0,0,31.307
32,64,1,16,37.9847
32,64,1,32,40.3417
32,64,1,64,42.8697
32,64,1,128,49.3863
32,64,1,256,49.6967
32,64,1,512,50.6987
32,64,1,1024,57.6853
32,64,2,16,37.9523
32,64,2,32,40.3633
32,64,2,64,42.987
32,64,2,128,49.9733
32,64,2,256,50.7207
32,64,2,512,57.59
32,64,2,1024,65.4717
32,64,4,16,38.293
32,64,4,32,40.9927
32,64,4,64,43.9673
32,64,4,128,51.2427
32,64,4,256,57.8027
32,64,4,512,66.0057
32,64,4,1024,84.7893
32,64,8,16,39.0407
32,64,8,32,42.1223
32,64,8,64,45.185
32,64,8,128,58.8483
32,64,8,256,67.051
32,64,8,512,84.3097
32,64,8,1024,118.614
32,64,16,16,42.2193
32,64,16,32,47.9573
32,64,16,64,53.056
32,64,16,128,63.371
32,64,16,256,80.7367
32,64,16,512,115.339
32,64,16,1024,182.518
32,64,32,16,48.8747
32,64,32,32,58.6353
32,64,32,64,69.7923
32,64,32,128,87.7557
32,64,32,256,120.897
32,64,32,512,186.358
32,64,32,1024,318.027
32,64,64,16,62.283
32,64,64,32,79.8297
32,64,64,64,97.7813
32,64,64,128,132.843
32,64,64,256,198.156
32,64,64,512,329.303
32,64,64,1024,586.253
32,64,128,16,86.827
32,64,128,32,118.795
32,64,128,64,151.009
32,64,128,128,218.348
32,64,128,256,345.132
32,64,128,512,602.648
32,64,128,1024,1114.29
32,128,0,0,38.805
32,128,1,16,45.3227
32,128,1,32,47.8083
32,128,1,64,50.2827
32,128,1,128,56.9387
32,128,1,256,57.355
32,128,1,512,58.049
32,128,1,1024,65.1207
32,128,2,16,45.398
32,128,2,32,47.755
32,128,2,64,50.5817
32,128,2,128,57.3643
32,128,2,256,58.1763
32,128,2,512,65.195
32,128,2,1024,74.528
32,128,4,16,45.707
32,128,4,32,48.3417
32,128,4,64,51.488
32,128,4,128,58.581
32,128,4,256,65.0033
32,128,4,512,74.5603
32,128,4,1024,92.3313
32,128,8,16,46.6987
32,128,8,32,49.7933
32,128,8,64,52.427
32,128,8,128,66.8907
32,128,8,256,75.7013
32,128,8,512,92.917
32,128,8,1024,127.157
32,128,16,16,49.5467
32,128,16,32,55.4247
32,128,16,64,60.8643
32,128,16,128,71.3067
32,128,16,256,88.81
32,128,16,512,123.371
32,128,16,1024,191.755
32,128,32,16,56.107
32,128,32,32,66.9443
32,128,32,64,78.016
32,128,32,128,95.627
32,128,32,256,129.419
32,128,32,512,195.137
32,128,32,1024,325.867
32,128,64,16,70.3253
32,128,64,32,88.107
32,128,64,64,106.977
32,128,64,128,141.515
32,128,64,256,205.825
32,128,64,512,337.154
32,128,64,1024,596.557
32,128,128,16,94.199
32,128,128,32,127.073
32,128,128,64,159.157
32,128,128,128,226.465
32,128,128,256,353.943
32,128,128,512,609.635
32,128,128,1024,1120.62
32,256,0,0,39.296
32,256,1,16,45.483
32,256,1,32,48.2447
32,256,1,64,50.7843
32,256,1,128,57.185
32,256,1,256,57.5893
32,256,1,512,58.635
32,256,1,1024,66.016
32,256,2,16,45.835
32,256,2,32,48.2237
32,256,2,64,51.051
32,256,2,128,57.771
32,256,2,256,58.6793
32,256,2,512,65.899
32,256,2,1024,73.9197
32,256,4,16,46.0057
32,256,4,32,48.64
32,256,4,64,51.9043
32,256,4,128,59.0613
32,256,4,256,65.5573
32,256,4,512,75.1147
32,256,4,1024,93.547
32,256,8,16,47.0077
32,256,8,32,49.728
32,256,8,64,53.2067
32,256,8,128,67.1473
32,256,8,256,76.7253
32,256,8,512,93.9633
32,256,8,1024,127.585
32,256,16,16,49.995
32,256,16,32,55.7227
32,256,16,64,62.1867
32,256,16,128,72.181
32,256,16,256,89.579
32,256,16,512,124.235
32,256,16,1024,191.873
32,256,32,16,56.907
32,256,32,32,67.6697
32,256,32,64,78.6877
32,256,32,128,96.6837
32,256,32,256,129.6
32,256,32,512,195.126
32,256,32,1024,326.947
32,256,64,16,70.9973
32,256,64,32,89.206
32,256,64,64,107.499
32,256,64,128,141.707
32,256,64,256,206.839
32,256,64,512,337.271
32,256,64,1024,595.193
32,256,128,16,94.8803
32,256,128,32,127.168
32,256,128,64,159.275
32,256,128,128,227.617
32,256,128,256,352.78
32,256,128,512,609.89
32,256,128,1024,1122.49
32,512,0,0,40.555
32,512,1,16,46.529
32,512,1,32,49.195
32,512,1,64,52.022
32,512,1,128,58.4637
32,512,1,256,59.2647
32,512,1,512,60.4593
32,512,1,1024,66.6467
32,512,2,16,46.592
32,512,2,32,49.2697
32,512,2,64,52.0637
32,512,2,128,58.9017
32,512,2,256,59.9577
32,512,2,512,66.891
32,512,2,1024,75.446
32,512,4,16,47.2323
32,512,4,32,49.8447
32,512,4,64,53.4617
32,512,4,128,61.056
32,512,4,256,66.784
32,512,4,512,77.0787
32,512,4,1024,95.073
32,512,8,16,47.904
32,512,8,32,51.6167
32,512,8,64,55.136
32,512,8,128,68.6077
32,512,8,256,77.8983
32,512,8,512,95.9157
32,512,8,1024,130.795
32,512,16,16,51.6057
32,512,16,32,57.451
32,512,16,64,63.0297
32,512,16,128,73.2267
32,512,16,256,91.0083
32,512,16,512,124.876
32,512,16,1024,193.409
32,512,32,16,58.5493
32,512,32,32,69.536
32,512,32,64,79.6373
32,512,32,128,98.4637
32,512,32,256,131.563
32,512,32,512,197.421
32,512,32,1024,328.428
32,512,64,16,72.3207
32,512,64,32,90.4533
32,512,64,64,109.142
32,512,64,128,143.148
32,512,64,256,209.035
32,512,64,512,339.521
32,512,64,1024,597.293
32,512,128,16,97.547
32,512,128,32,129.75
32,512,128,64,160.833
32,512,128,128,227.318
32,512,128,256,355.287
32,512,128,512,611.661
32,512,128,1024,1121.71
32,1024,0,0,61.3867
32,1024,1,16,68.1287
32,1024,1,32,71.1793
32,1024,1,64,73.4827
32,1024,1,128,79.7863
32,1024,1,256,79.969
32,1024,1,512,82.4323
32,1024,1,1024,88.609
32,1024,2,16,68.9283
32,1024,2,32,71.638
32,1024,2,64,73.6107
32,1024,2,128,80.363
32,1024,2,256,81.2587
32,1024,2,512,88.4593
32,1024,2,1024,97.1527
32,1024,4,16,68.3847
32,1024,4,32,72.043
32,1024,4,64,74.165
32,1024,4,128,81.6217
32,1024,4,256,88.566
32,1024,4,512,98.1977
32,1024,4,1024,116.523
32,1024,8,16,69.2703
32,1024,8,32,72.2987
32,1024,8,64,75.819
32,1024,8,128,89.3343
32,1024,8,256,98.977
32,1024,8,512,117.142
32,1024,8,1024,152.203
32,1024,16,16,72.715
32,1024,16,32,78.7417
32,1024,16,64,84.1813
32,1024,16,128,94.2723
32,1024,16,256,112.652
32,1024,16,512,146.859
32,1024,16,1024,212.779
32,1024,32,16,80.3753
32,1024,32,32,90.4323
32,1024,32,64,101.772
32,1024,32,128,119.169
32,1024,32,256,152.854
32,1024,32,512,219.66
32,1024,32,1024,350.412
32,1024,64,16,95.403
32,1024,64,32,114.187
32,1024,64,64,132.256
32,1024,64,128,167.607
32,1024,64,256,231.755
32,1024,64,512,362.669
32,1024,64,1024,621.879
32,1024,128,16,120.224
32,1024,128,32,152.864
32,1024,128,64,184.843
32,1024,128,128,252.226
32,1024,128,256,380.215
32,1024,128,512,635.779
32,1024,128,1024,1143.63
64,0,0,0,22.7523
64,0,1,16,29.451
64,0,1,32,31.84
64,0,1,64,34.5283
64,0,1,128,40.842
64,0,1,256,41.397
64,0,1,512,42.1547
64,0,1,1024,49.131
64,0,2,16,29.5897
64,0,2,32,32.1067
64,0,2,64,34.7093
64,0,2,128,41.3437
64,0,2,256,42.3583
64,0,2,512,49.611
64,0,2,1024,57.515
64,0,4,16,29.9097
64,0,4,32,32.7577
64,0,4,64,35.6913
64,0,4,128,43.0293
64,0,4,256,49.6213
64,0,4,512,58.944
64,0,4,1024,77.1203
64,0,8,16,32.1073
64,0,8,32,35.4027
64,0,8,64,38.379
64,0,8,128,52.3303
64,0,8,256,60.875
64,0,8,512,79.008
64,0,8,1024,112.427
64,0,16,16,35.3923
64,0,16,32,41.259
64,0,16,64,46.7307
64,0,16,128,57.4617
64,0,16,256,74.7737
64,0,16,512,109.856
64,0,16,1024,176.843
64,0,32,16,42.3257
64,0,32,32,52.7467
64,0,32,64,63.9147
64,0,32,128,81.728
64,0,32,256,114.966
64,0,32,512,180.865
64,0,32,1024,313.11
64,0,64,16,54.603
64,0,64,32,72.1707
64,0,64,64,90.7633
64,0,64,128,126.049
64,0,64,256,191.051
64,0,64,512,321.654
64,0,64,1024,581.443
64,0,128,16,78.6033
64,0,128,32,111.371
64,0,128,64,143.104
64,0,128,128,210.219
64,0,128,256,336.898
64,0,128,512,593.709
64,0,128,1024,1104.47
64,16,0,0,28.6087
64,16,1,16,35.4667
64,16,1,32,37.7603
64,16,1,64,40.491
64,16,1,128,46.88
64,16,1,256,47.414
64,16,1,512,47.9047
64,16,1,1024,55.201
64,16,2,16,35.6903
64,16,2,32,38.0267
64,16,2,64,40.7043
64,16,2,128,47.381
64,16,2,256,48.267
64,16,2,512,55.7233
64,16,2,1024,64.065
64,16,4,16,35.8613
64,16,4,32,38.496
64,16,4,64,41.696
64,16,4,128,48.7893
64,16,4,256,55.338
64,16,4,512,63.99
64,16,4,1024,82.955
64,16,8,16,38.1337
64,16,8,32,41.1207
64,16,8,64,44.224
64,16,8,128,58.5177
64,16,8,256,66.7737
64,16,8,512,85.1217
64,16,8,1024,118.092
64,16,16,16,41.5047
64,16,16,32,47.2217
64,16,16,64,52.5973
64,16,16,128,62.5707
64,16,16,256,81.4723
64,16,16,512,115.35
64,16,16,1024,183.745
64,16,32,16,48.0213
64,16,32,32,58.6667
64,16,32,64,69.856
64,16,32,128,88.0643
64,16,32,256,120.822
64,16,32,512,186.944
64,16,32,1024,319.095
64,16,64,16,60.448
64,16,64,32,78.283
64,16,64,64,97.1097
64,16,64,128,131.916
64,16,64,256,196.726
64,16,64,512,327.745
64,16,64,1024,585.774
64,16,128,16,84.3737
64,16,128,32,116.876
64,16,128,64,148.747
64,16,128,128,216.727
64,16,128,256,343.254
64,16,128,512,600.985
64,16,128,1024,1111.11
64,32,0,0,28.64
64,32,1,16,35.232
64,32,1,32,37.7703
64,32,1,64,40.2347
64,32,1,128,46.7947
64,32,1,256,46.9967
64,32,1,512,48.043
64,32,1,1024,55.126
64,32,2,16,35.36
64,32,2,32,37.9413
64,32,2,64,40.5017
64,32,2,128,47.435
64,32,2,256,47.9363
64,32,2,512,55.7227
64,32,2,1024,63.9573
64,32,4,16,35.7017
64,32,4,32,38.507
64,32,4,64,41.387
64,32,4,128,48.5867
64,32,4,256,55.4993
64,32,4,512,64.6083
64,32,4,1024,82.5933
64,32,8,16,37.8887
64,32,8,32,41.0883
64,32,8,64,44.0963
64,32,8,128,58.07
64,32,8,256,66.923
64,32,8,512,84.4697
64,32,8,1024,118.859
64,32,16,16,41.1847
64,32,16,32,46.9553
64,32,16,64,52.63
64,32,16,128,62.4213
64,32,16,256,81.0133
64,32,16,512,115.755
64,32,16,1024,182.955
64,32,32,16,47.9147
64,32,32,32,58.368
64,32,32,64,69.5257
64,32,32,128,88.3523
64,32,32,256,120.917
64,32,32,512,187.03
64,32,32,1024,318.732
64,32,64,16,60.5973
64,32,64,32,77.9417
64,32,64,64,96.3847
64,32,64,128,131.809
64,32,64,256,196.704
64,32,64,512,327.542
64,32,64,1024,585.453
64,32,128,16,84.4167
64,32,128,32,116.694
64,32,128,64,148.64
64,32,128,128,216.31
64,32,128,256,343.479
64,32,128,512,602.157
64,32,128,1024,1109.21
64,64,0,0,31.2643
64,64,1,16,37.856
64,64,1,32,40.2027
64,64,1,64,42.8587
64,64,1,128,49.2057
64,64,1,256,49.675
64,64,1,512,50.283
64,64,1,1024,57.537
64,64,2,16,37.9093
64,64,2,32,40.5007
64,64,2,64,43.1357
64,64,2,128,49.8033
64,64,2,256,50.2727
64,64,2,512,58.0793
64,64,2,1024,66.8593
64,64,4,16,38.23
64,64,4,32,40.9603
64,64,4,64,43.616
64,64,4,128,51.0183
64,64,4,256,57.9517
64,64,4,512,67.201
64,64,4,1024,85.3237
64,64,8,16,40.4063
64,64,8,32,43.6267
64,64,8,64,46.518
64,64,8,128,60.7263
64,64,8,256,69.099
64,64,8,512,87.414
64,64,8,1024,120.928
64,64,16,16,43.6913
64,64,16,32,49.5253
64,64,16,64,55.0943
64,64,16,128,65.3973
64,64,16,256,82.902
64,64,16,512,117.525
64,64,16,1024,184.961
64,64,32,16,50.3787
64,64,32,32,61.974
64,64,32,64,72.075
64,64,32,128,90.7413
64,64,32,256,123.639
64,64,32,512,189.622
64,64,32,1024,321.527
64,64,64,16,62.688
64,64,64,32,81.1523
64,64,64,64,99.7977
64,64,64,128,134.326
64,64,64,256,199.713
64,64,64,512,329.324
64,64,64,1024,588.194
64,64,128,16,87.3813
64,64,128,32,119.734
64,64,128,64,151.414
64,64,128,128,219.083
64,64,128,256,345.612
64,64,128,512,602.157
64,64,128,1024,1112.72
64,128,0,0,47.104
64,128,1,16,53.4713
64,128,1,32,56.0317
64,128,1,64,58.677
64,128,1,128,64.9287
64,128,1,256,65.4193
64,128,1,512,66.134
64,128,1,1024,73.7283
64,128,2,16,53.6327
64,128,2,32,55.8087
64,128,2,64,58.9013
64,128,2,128,65.878
64,128,2,256,66.2297
64,128,2,512,73.7393
64,128,2,1024,82.6023
64,128,4,16,53.7377
64,128,4,32,56.842
64,128,4,64,59.6693
64,128,4,128,67.275
64,128,4,256,73.2697
64,128,4,512,83.0303
64,128,4,1024,101.707
64,128,8,16,56.277
64,128,8,32,59.4667
64,128,8,64,62.3577
64,128,8,128,76.4797
64,128,8,256,85.9627
64,128,8,512,103.83
64,128,8,1024,138.775
64,128,16,16,59.1037
64,128,16,32,65.633
64,128,16,64,71.339
64,128,16,128,81.1633
64,128,16,256,99.701
64,128,16,512,133.472
64,128,16,1024,200.693
64,128,32,16,65.952
64,128,32,32,77.4403
64,128,32,64,87.83
64,128,32,128,105.931
64,128,32,256,139.936
64,128,32,512,205.601
64,128,32,1024,336.908
64,128,64,16,78.678
64,128,64,32,96.8217
64,128,64,64,115.051
64,128,64,128,150.347
64,128,64,256,214.476
64,128,64,512,345.345
64,128,64,1024,605.976
64,128,128,16,102.752
64,128,128,32,135.222
64,128,128,64,168.364
64,128,128,128,235.009
64,128,128,256,362.369
64,128,128,512,617.26
64,128,128,1024,1127.87
64,256,0,0,48.2987
64,256,1,16,54.7097
64,256,1,32,57.43
64,256,1,64,59.755
64,256,1,128,66.2087
64,256,1,256,66.848
64,256,1,512,67.3607
64,256,1,1024,74.7303
64,256,2,16,54.7093
64,256,2,32,57.622
64,256,2,64,60.2557
64,256,2,128,66.7747
64,256,2,256,67.6697
64,256,2,512,74.1333
64,256,2,1024,83.563
64,256,4,16,55.2317
64,256,4,32,57.792
64,256,4,64,61.0453
64,256,4,128,68.5127
64,256,4,256,74.6027
64,256,4,512,84.715
64,256,4,1024,102.785
64,256,8,16,57.2053
64,256,8,32,60.5333
64,256,8,64,64.0533
64,256,8,128,77.6857
64,256,8,256,86.1977
64,256,8,512,105.462
64,256,8,1024,140.096
64,256,16,16,60.5973
64,256,16,32,66.966
64,256,16,64,72.4587
64,256,16,128,82.6243
64,256,16,256,100.374
64,256,16,512,135.04
64,256,16,1024,203.136
64,256,32,16,67.9043
64,256,32,32,78.4743
64,256,32,64,89.5467
64,256,32,128,107.158
64,256,32,256,141.248
64,256,32,512,206.476
64,256,32,1024,337.89
64,256,64,16,79.3393
64,256,64,32,98.315
64,256,64,64,116.576
64,256,64,128,151.051
64,256,64,256,215.457
64,256,64,512,346.647
64,256,64,1024,605.751
64,256,128,16,104.331
64,256,128,32,136.833
64,256,128,64,169.089
64,256,128,128,235.852
64,256,128,256,362.529
64,256,128,512,618.968
64,256,128,1024,1129.86
64,512,0,0,67.6593
64,512,1,16,73.5897
64,512,1,32,76.1707
64,512,1,64,79.3493
64,512,1,128,85.3763
64,512,1,256,85.4617
64,512,1,512,86.3787
64,512,1,1024,94.0487
64,512,2,16,73.9527
64,512,2,32,76.7363
64,512,2,64,79.221
64,512,2,128,85.5473
64,512,2,256,87.0283
64,512,2,512,93.707
64,512,2,1024,101.973
64,512,4,16,74.156
64,512,4,32,76.928
64,512,4,64,80.3527
64,512,4,128,87.0837
64,512,4,256,94.4213
64,512,4,512,103.755
64,512,4,1024,121.697
64,512,8,16,76.2883
64,512,8,32,79.4463
64,512,8,64,82.6987
64,512,8,128,96.9493
64,512,8,256,106.091
64,512,8,512,124.31
64,512,8,1024,158.337
64,512,16,16,79.6167
64,512,16,32,85.6757
64,512,16,64,91.723
64,512,16,128,101.408
64,512,16,256,119.617
64,512,16,512,153.942
64,512,16,1024,221.569
64,512,32,16,87.1787
64,512,32,32,98.2187
64,512,32,64,108.982
64,512,32,128,126.572
64,512,32,256,159.787
64,512,32,512,226.625
64,512,32,1024,358.796
64,512,64,16,100.064
64,512,64,32,118.091
64,512,64,64,136.256
64,512,64,128,171.51
64,512,64,256,236.46
64,512,64,512,366.092
64,512,64,1024,627.117
64,512,128,16,124.79
64,512,128,32,157.324
64,512,128,64,189.035
64,512,128,128,255.532
64,512,128,256,382.402
64,512,128,512,638.552
64,512,128,1024,1153.12
64,1024,0,0,93.9953
64,1024,1,16,100.043
64,1024,1,32,102.731
64,1024,1,64,105.836
64,1024,1,128,112.149
64,1024,1,256,112.833
64,1024,1,512,114.272
64,1024,1,1024,121.27
64,1024,2,16,101.185
64,1024,2,32,103.286
64,1024,2,64,106.038
64,1024,2,128,112.971
64,1024,2,256,114.816
64,1024,2,512,120.886
64,1024,2,1024,129.216
64,1024,4,16,100.757
64,1024,4,32,103.616
64,1024,4,64,106.848
64,1024,4,128,114.891
64,1024,4,256,120.704
64,1024,4,512,130.08
64,1024,4,1024,148.288
64,1024,8,16,103.008
64,1024,8,32,106.23
64,1024,8,64,110.593
64,1024,8,128,123.638
64,1024,8,256,132.619
64,1024,8,512,150.464
64,1024,8,1024,184.886
64,1024,16,16,106.784
64,1024,16,32,113.046
64,1024,16,64,117.622
64,1024,16,128,128.885
64,1024,16,256,146.049
64,1024,16,512,179.755
64,1024,16,1024,247.425
64,1024,32,16,114.198
64,1024,32,32,124.982
64,1024,32,64,134.849
64,1024,32,128,152.886
64,1024,32,256,185.718
64,1024,32,512,252.225
64,1024,32,1024,383.863
64,1024,64,16,125.878
64,1024,64,32,143.595
64,1024,64,64,162.87
64,1024,64,128,197.942
64,1024,64,256,261.942
64,1024,64,512,392.993
64,1024,64,1024,652.419
64,1024,128,16,149.27
64,1024,128,32,182.219
64,1024,128,64,213.708
64,1024,128,128,280.375
64,1024,128,256,410.572
64,1024,128,512,665.485
64,1024,128,1024,1178.88
128,0,0,0,29.9413
128,0,1,16,36.6943
128,0,1,32,38.891
128,0,1,64,41.952
128,0,1,128,48.4687
128,0,1,256,48.8537
128,0,1,512,49.6213
128,0,1,1024,56.651
128,0,2,16,36.683
128,0,2,32,39.5307
128,0,2,64,42.1867
128,0,2,128,49.248
128,0,2,256,49.8663
128,0,2,512,56.5117
128,0,2,1024,66.2613
128,0,4,16,37.2267
128,0,4,32,40.1283
128,0,4,64,43.0613
128,0,4,128,50.4967
128,0,4,256,56.8643
128,0,4,512,66.358
128,0,4,1024,85.1413
128,0,8,16,37.9413
128,0,8,32,41.2483
128,0,8,64,44.534
128,0,8,128,58.8483
128,0,8,256,67.8187
128,0,8,512,85.7603
128,0,8,1024,119.275
128,0,16,16,42.8803
128,0,16,32,49.0667
128,0,16,64,54.581
128,0,16,128,65.4083
128,0,16,256,83.0937
128,0,16,512,118.155
128,0,16,1024,185.26
128,0,32,16,49.7177
128,0,32,32,60.6723
128,0,32,64,71.3287
128,0,32,128,89.696
128,0,32,256,123.51
128,0,32,512,189.142
128,0,32,1024,320.748
128,0,64,16,62.0703
128,0,64,32,80.4267
128,0,64,64,98.8057
128,0,64,128,134.166
128,0,64,256,199.542
128,0,64,512,329.569
128,0,64,1024,590.135
128,0,128,16,86.3787
128,0,128,32,118.571
128,0,128,64,150.987
128,0,128,128,217.697
128,0,128,256,345.314
128,0,128,512,601.794
128,0,128,1024,1110.8
128,16,0,0,66.3787
128,16,1,16,72.3313
128,16,1,32,74.6773
128,16,1,64,76.842
128,16,1,128,83.883
128,16,1,256,84.1813
128,16,1,512,84.384
128,16,1,1024,92.331
128,16,2,16,71.925
128,16,2,32,75.0723
128,16,2,64,77.3017
128,16,2,128,84.245
128,16,2,256,84.9717
128,16,2,512,93.0243
128,16,2,1024,101.578
128,16,4,16,72.6083
128,16,4,32,75.1257
128,16,4,64,78.337
128,16,4,128,85.633
128,16,4,256,92.6083
128,16,4,512,102.198
128,16,4,1024,120.384
128,16,8,16,73.3973
128,16,8,32,76.5443
128,16,8,64,79.926
128,16,8,128,93.9417
128,16,8,256,103.148
128,16,8,512,122.069
128,16,8,1024,154.764
128,16,16,16,77.9953
128,16,16,32,84.0003
128,16,16,64,89.8037
128,16,16,128,100.075
128,16,16,256,117.985
128,16,16,512,152.15
128,16,16,1024,218.977
128,16,32,16,85.3443
128,16,32,32,96.3423
128,16,32,64,107.094
128,16,32,128,125.366
128,16,32,256,158.252
128,16,32,512,224.321
128,16,32,1024,357.206
128,16,64,16,98.3043
128,16,64,32,116.374
128,16,64,64,134.87
128,16,64,128,169.857
128,16,64,256,233.516
128,16,64,512,364.514
128,16,64,1024,624.312
128,16,128,16,122.262
128,16,128,32,154.475
128,16,128,64,186.497
128,16,128,128,254.028
128,16,128,256,381.281
128,16,128,512,635.789
128,16,128,1024,1147.35
128,32,0,0,65.675
128,32,1,16,71.4347
128,32,1,32,74.3683
128,32,1,64,76.4273
128,32,1,128,83.6477
128,32,1,256,83.7023
128,32,1,512,84.491
128,32,1,1024,91.6273
128,32,2,16,71.9787
128,32,2,32,74.1877
128,32,2,64,76.7253
128,32,2,128,83.7433
128,32,2,256,84.8863
128,32,2,512,91.9797
128,32,2,1024,101.291
128,32,4,16,72.1497
128,32,4,32,74.815
128,32,4,64,77.974
128,32,4,128,85.8033
128,32,4,256,92.416
128,32,4,512,101.419
128,32,4,1024,120.16
128,32,8,16,73.142
128,32,8,32,76.043
128,32,8,64,79.1363
128,32,8,128,93.301
128,32,8,256,102.241
128,32,8,512,120.544
128,32,8,1024,154.294
128,32,16,16,77.206
128,32,16,32,83.659
128,32,16,64,88.6183
128,32,16,128,99.9363
128,32,16,256,117.504
128,32,16,512,151.904
128,32,16,1024,219.478
128,32,32,16,85.291
128,32,32,32,95.9463
128,32,32,64,107.434
128,32,32,128,125.057
128,32,32,256,157.345
128,32,32,512,224.587
128,32,32,1024,355.745
128,32,64,16,97.3657
128,32,64,32,115.798
128,32,64,64,135.222
128,32,64,128,169.771
128,32,64,256,233.548
128,32,64,512,364.685
128,32,64,1024,624.568
128,32,128,16,121.344
128,32,128,32,154.326
128,32,128,64,185.622
128,32,128,128,252.587
128,32,128,256,379.916
128,32,128,512,639.864
128,32,128,1024,1148.35
128,64,0,0,66.411
128,64,1,16,72.982
128,64,1,32,74.3467
128,64,1,64,77.782
128,64,1,128,83.766
128,64,1,256,83.9263
128,64,1,512,84.8963
128,64,1,1024,91.371
128,64,2,16,71.979
128,64,2,32,74.9017
128,64,2,64,77.0883
128,64,2,128,84.1603
128,64,2,256,85.0027
128,64,2,512,91.595
128,64,2,1024,101.781
128,64,4,16,72.619
128,64,4,32,75.1573
128,64,4,64,78.2087
128,64,4,128,85.632
128,64,4,256,92.7037
128,64,4,512,101.964
128,64,4,1024,120.641
128,64,8,16,72.715
128,64,8,32,76.449
128,64,8,64,79.606
128,64,8,128,93.483
128,64,8,256,102.604
128,64,8,512,121.142
128,64,8,1024,155.915
128,64,16,16,78.0593
128,64,16,32,83.9573
128,64,16,64,89.877
128,64,16,128,100.149
128,64,16,256,117.579
128,64,16,512,152.619
128,64,16,1024,219.478
128,64,32,16,85.3657
128,64,32,32,96.5123
128,64,32,64,107.243
128,64,32,128,125.238
128,64,32,256,157.675
128,64,32,512,224.342
128,64,32,1024,355.511
128,64,64,16,97.5043
128,64,64,32,115.797
128,64,64,64,134.272
128,64,64,128,170.219
128,64,64,256,234.785
128,64,64,512,365.185
128,64,64,1024,624.173
128,64,128,16,122.187
128,64,128,32,154.358
128,64,128,64,187.233
128,64,128,128,253.9
128,64,128,256,381.794
128,64,128,512,637.538
128,64,128,1024,1147.38
128,128,0,0,66.5713
128,128,1,16,72.2993
128,128,1,32,74.5813
128,128,1,64,77.3767
128,128,1,128,83.5417
128,128,1,256,83.936
128,128,1,512,84.907
128,128,1,1024,92.1823
128,128,2,16,71.904
128,128,2,32,74.5393
128,128,2,64,77.2593
128,128,2,128,83.68
128,128,2,256,85.1103
128,128,2,512,92.1287
128,128,2,1024,100.672
128,128,4,16,73.1527
128,128,4,32,75.3387
128,128,4,64,78.208
128,128,4,128,85.59
128,128,4,256,92.1177
128,128,4,512,101.259
128,128,4,1024,120.47
128,128,8,16,73.4517
128,128,8,32,76.6083
128,128,8,64,79.4883
128,128,8,128,93.824
128,128,8,256,103.35
128,128,8,512,120.961
128,128,8,1024,155.072
128,128,16,16,78.0803
128,128,16,32,84.4057
128,128,16,64,89.718
128,128,16,128,100.95
128,128,16,256,118.156
128,128,16,512,152.8
128,128,16,1024,219.008
128,128,32,16,86.027
128,128,32,32,96.0853
128,128,32,64,107.062
128,128,32,128,125.611
128,128,32,256,158.517
128,128,32,512,224.961
128,128,32,1024,354.914
128,128,64,16,98.0373
128,128,64,32,116.204
128,128,64,64,136.022
128,128,64,128,170.027
128,128,64,256,235.179
128,128,64,512,364.374
128,128,64,1024,623.735
128,128,128,16,122.358
128,128,128,32,154.421
128,128,128,64,186.551
128,128,128,128,253.623
128,128,128,256,380.428
128,128,128,512,637.751
128,128,128,1024,1147.58
128,256,0,0,90.7627
128,256,1,16,95.7873
128,256,1,32,98.465
128,256,1,64,101.493
128,256,1,128,108.011
128,256,1,256,108.171
128,256,1,512,109.75
128,256,1,1024,116.481
128,256,2,16,95.798
128,256,2,32,98.6563
128,256,2,64,101.292
128,256,2,128,108.16
128,256,2,256,109.942
128,256,2,512,117.056
128,256,2,1024,126.134
128,256,4,16,96.224
128,256,4,32,99.4353
128,256,4,64,102.486
128,256,4,128,110.709
128,256,4,256,117.451
128,256,4,512,125.92
128,256,4,1024,144.299
128,256,8,16,97.3333
128,256,8,32,100.256
128,256,8,64,104.31
128,256,8,128,117.761
128,256,8,256,127.136
128,256,8,512,145.035
128,256,8,1024,179.616
128,256,16,16,101.867
128,256,16,32,108.982
128,256,16,64,114.561
128,256,16,128,124.032
128,256,16,256,142.326
128,256,16,512,176.843
128,256,16,1024,243.403
128,256,32,16,110.112
128,256,32,32,121.312
128,256,32,64,131.808
128,256,32,128,150.177
128,256,32,256,182.668
128,256,32,512,248.854
128,256,32,1024,380.065
128,256,64,16,121.836
128,256,64,32,141.494
128,256,64,64,159.254
128,256,64,128,194.156
128,256,64,256,258.742
128,256,64,512,389.815
128,256,64,1024,651.085
128,256,128,16,146.869
128,256,128,32,178.486
128,256,128,64,210.796
128,256,128,128,277.708
128,256,128,256,405.58
128,256,128,512,662.487
128,256,128,1024,1172.31
128,512,0,0,110.944
128,512,1,16,116.95
128,512,1,32,119.702
128,512,1,64,121.59
128,512,1,128,128.822
128,512,1,256,129.75
128,512,1,512,130.775
128,512,1,1024,138.346
128,512,2,16,116.673
128,512,2,32,119.083
128,512,2,64,121.921
128,512,2,128,129.205
128,512,2,256,131.413
128,512,2,512,137.067
128,512,2,1024,145.397
128,512,4,16,117.142
128,512,4,32,120.406
128,512,4,64,123.094
128,512,4,128,130.998
128,512,4,256,137.676
128,512,4,512,145.75
128,512,4,1024,165.014
128,512,8,16,117.707
128,512,8,32,121.43
128,512,8,64,124.875
128,512,8,128,139.276
128,512,8,256,148.31
128,512,8,512,165.633
128,512,8,1024,199.616
128,512,16,16,123.179
128,512,16,32,129.76
128,512,16,64,134.731
128,512,16,128,144.939
128,512,16,256,162.646
128,512,16,512,195.777
128,512,16,1024,263.244
128,512,32,16,131.403
128,512,32,32,142.23
128,512,32,64,152.982
128,512,32,128,169.568
128,512,32,256,202.636
128,512,32,512,268.364
128,512,32,1024,400.663
128,512,64,16,142.091
128,512,64,32,160.96
128,512,64,64,178.944
128,512,64,128,213.718
128,512,64,256,278.646
128,512,64,512,410.561
128,512,64,1024,667.352
128,512,128,16,166.849
128,512,128,32,199.211
128,512,128,64,231.222
128,512,128,128,298.411
128,512,128,256,424.577
128,512,128,512,680.846
128,512,128,1024,1193.31
128,1024,0,0,142.742
128,1024,1,16,149.473
128,1024,1,32,151.83
128,1024,1,64,155.298
128,1024,1,128,162.166
128,1024,1,256,161.974
128,1024,1,512,163.553
128,1024,1,1024,169.995
128,1024,2,16,149.868
128,1024,2,32,152.374
128,1024,2,64,155.019
128,1024,2,128,162.667
128,1024,2,256,163.957
128,1024,2,512,169.514
128,1024,2,1024,179.083
128,1024,4,16,150.476
128,1024,4,32,153.175
128,1024,4,64,156.587
128,1024,4,128,164.449
128,1024,4,256,170.283
128,1024,4,512,179.489
128,1024,4,1024,197.963
128,1024,8,16,151.883
128,1024,8,32,154.774
128,1024,8,64,158.369
128,1024,8,128,171.126
128,1024,8,256,180.576
128,1024,8,512,198.614
128,1024,8,1024,232.374
128,1024,16,16,156.117
128,1024,16,32,162.134
128,1024,16,64,168.374
128,1024,16,128,177.771
128,1024,16,256,194.774
128,1024,16,512,228.363
128,1024,16,1024,295.393
128,1024,32,16,163.254
128,1024,32,32,175.072
128,1024,32,64,185.675
128,1024,32,128,203.489
128,1024,32,256,235.606
128,1024,32,512,302.465
128,1024,32,1024,434.924
128,1024,64,16,175.585
128,1024,64,32,193.964
128,1024,64,64,211.937
128,1024,64,128,247.424
128,1024,64,256,312.673
128,1024,64,512,443.457
128,1024,64,1024,701.709
128,1024,128,16,199.051
128,1024,128,32,232.62
128,1024,128,64,264.374
128,1024,128,128,332.929
128,1024,128,256,458.647
128,1024,128,512,716.962
128,1024,128,1024,1229.05
256,0,0,0,126.486
256,0,1,16,133.91
256,0,1,32,136.854
256,0,1,64,139.052
256,0,1,128,145.985
256,0,1,256,147.627
256,0,1,512,148.363
256,0,1,1024,154.923
256,0,2,16,135.029
256,0,2,32,137.59
256,0,2,64,140.256
256,0,2,128,146.539
256,0,2,256,148.672
256,0,2,512,154.924
256,0,2,1024,163.34
256,0,4,16,135.051
256,0,4,32,137.611
256,0,4,64,141.078
256,0,4,128,148.896
256,0,4,256,154.71
256,0,4,512,163.606
256,0,4,1024,181.964
256,0,8,16,135.083
256,0,8,32,138.604
256,0,8,64,142.773
256,0,8,128,156.565
256,0,8,256,165.387
256,0,8,512,183.265
256,0,8,1024,217.174
256,0,16,16,139.019
256,0,16,32,144.758
256,0,16,64,149.856
256,0,16,128,159.83
256,0,16,256,177.719
256,0,16,512,210.784
256,0,16,1024,278.219
256,0,32,16,147.317
256,0,32,32,157.921
256,0,32,64,167.765
256,0,32,128,186.049
256,0,32,256,218.773
256,0,32,512,285.036
256,0,32,1024,416.939
256,0,64,16,159.232
256,0,64,32,177.814
256,0,64,64,196.544
256,0,64,128,230.539
256,0,64,256,295.67
256,0,64,512,426.562
256,0,64,1024,685.102
256,0,128,16,182.561
256,0,128,32,215.777
256,0,128,64,246.86
256,0,128,128,313.537
256,0,128,256,442.989
256,0,128,512,699.917
256,0,128,1024,1212.53
256,16,0,0,137.984
256,16,1,16,145.046
256,16,1,32,147.286
256,16,1,64,149.569
256,16,1,128,157.601
256,16,1,256,157.696
256,16,1,512,159.361
256,16,1,1024,165.729
256,16,2,16,145.718
256,16,2,32,149.195
256,16,2,64,151.819
256,16,2,128,159.627
256,16,2,256,159.702
256,16,2,512,167.052
256,16,2,1024,175.712
256,16,4,16,146.379
256,16,4,32,149.75
256,16,4,64,152.619
256,16,4,128,161.088
256,16,4,256,166.88
256,16,4,512,176.054
256,16,4,1024,193.91
256,16,8,16,147.595
256,16,8,32,151.082
256,16,8,64,153.622
256,16,8,128,168.417
256,16,8,256,176.46
256,16,8,512,194.401
256,16,8,1024,228.939
256,16,16,16,149.718
256,16,16,32,156.129
256,16,16,64,160.833
256,16,16,128,170.828
256,16,16,256,189.185
256,16,16,512,223.638
256,16,16,1024,289.558
256,16,32,16,158.497
256,16,32,32,169.856
256,16,32,64,180.523
256,16,32,128,197.12
256,16,32,256,230.592
256,16,32,512,297.164
256,16,32,1024,428.983
256,16,64,16,170.785
256,16,64,32,189.59
256,16,64,64,207.563
256,16,64,128,241.697
256,16,64,256,306.807
256,16,64,512,437.74
256,16,64,1024,696.535
256,16,128,16,194.539
256,16,128,32,227.147
256,16,128,64,260.129
256,16,128,128,326.188
256,16,128,256,453.314
256,16,128,512,712.761
256,16,128,1024,1222.64
256,32,0,0,143.606
256,32,1,16,149.803
256,32,1,32,152.641
256,32,1,64,155.627
256,32,1,128,162.208
256,32,1,256,163.233
256,32,1,512,164.864
256,32,1,1024,170.305
256,32,2,16,150.604
256,32,2,32,153.024
256,32,2,64,156.298
256,32,2,128,163.531
256,32,2,256,164.631
256,32,2,512,171.306
256,32,2,1024,179.809
256,32,4,16,150.87
256,32,4,32,154.283
256,32,4,64,156.96
256,32,4,128,165.697
256,32,4,256,171.019
256,32,4,512,181.302
256,32,4,1024,199.105
256,32,8,16,151.35
256,32,8,32,154.614
256,32,8,64,159.232
256,32,8,128,172.747
256,32,8,256,181.932
256,32,8,512,198.593
256,32,8,1024,233.558
256,32,16,16,154.465
256,32,16,32,160.204
256,32,16,64,167.019
256,32,16,128,176.961
256,32,16,256,193.899
256,32,16,512,227.564
256,32,16,1024,295.223
256,32,32,16,162.956
256,32,32,32,174.261
256,32,32,64,183.98
256,32,32,128,201.259
256,32,32,256,235.382
256,32,32,512,301.505
256,32,32,1024,433.677
256,32,64,16,175.585
256,32,64,32,192.971
256,32,64,64,210.902
256,32,64,128,246.294
256,32,64,256,310.966
256,32,64,512,443.553
256,32,64,1024,699.736
256,32,128,16,198.763
256,32,128,32,233.035
256,32,128,64,264.044
256,32,128,128,331.361
256,32,128,256,458.711
256,32,128,512,717.678
256,32,128,1024,1226
256,64,0,0,143.179
256,64,1,16,150.976
256,64,1,32,154.07
256,64,1,64,156.576
256,64,1,128,163.308
256,64,1,256,164.544
256,64,1,512,164.683
256,64,1,1024,171.585
256,64,2,16,151.798
256,64,2,32,154.176
256,64,2,64,156.651
256,64,2,128,164.597
256,64,2,256,164.96
256,64,2,512,171.616
256,64,2,1024,179.317
256,64,4,16,151.478
256,64,4,32,154.817
256,64,4,64,157.92
256,64,4,128,166.06
256,64,4,256,172.417
256,64,4,512,181.387
256,64,4,1024,199.126
256,64,8,16,152.15
256,64,8,32,155.68
256,64,8,64,159.179
256,64,8,128,173.611
256,64,8,256,182.208
256,64,8,512,199.606
256,64,8,1024,234.273
256,64,16,16,155.756
256,64,16,32,161.835
256,64,16,64,167.158
256,64,16,128,177.153
256,64,16,256,193.697
256,64,16,512,228.268
256,64,16,1024,295.756
256,64,32,16,164.129
256,64,32,32,174.529
256,64,32,64,184.811
256,64,32,128,202.603
256,64,32,256,235.606
256,64,32,512,302.434
256,64,32,1024,432.492
256,64,64,16,176.172
256,64,64,32,194.912
256,64,64,64,213.035
256,64,64,128,247.617
256,64,64,256,313.483
256,64,64,512,443.543
256,64,64,1024,700.13
256,64,128,16,200.203
256,64,128,32,231.841
256,64,128,64,263.564
256,64,128,128,332.3
256,64,128,256,458.882
256,64,128,512,715.427
256,64,128,1024,1225.79
256,128,0,0,144.779
256,128,1,16,152.406
256,128,1,32,154.742
256,128,1,64,157.28
256,128,1,128,164.918
256,128,1,256,164.427
256,128,1,512,166.017
256,128,1,1024,172.288
256,128,2,16,152.182
256,128,2,32,153.996
256,128,2,64,157.462
256,128,2,128,165.387
256,128,2,256,166.689
256,128,2,512,172.534
256,128,2,1024,181.504
256,128,4,16,152.363
256,128,4,32,155.851
256,128,4,64,158.944
256,128,4,128,167.019
256,128,4,256,172.63
256,128,4,512,181.515
256,128,4,1024,199.425
256,128,8,16,153.099
256,128,8,32,156.544
256,128,8,64,160.693
256,128,8,128,174.637
256,128,8,256,182.945
256,128,8,512,200.524
256,128,8,1024,234.923
256,128,16,16,157.259
256,128,16,32,162.315
256,128,16,64,168.171
256,128,16,128,177.676
256,128,16,256,195.638
256,128,16,512,228.833
256,128,16,1024,297.281
256,128,32,16,165.601
256,128,32,32,175.937
256,128,32,64,186.165
256,128,32,128,203.851
256,128,32,256,237.036
256,128,32,512,303.01
256,128,32,1024,433.366
256,128,64,16,177.408
256,128,64,32,195.947
256,128,64,64,212.982
256,128,64,128,247.755
256,128,64,256,313.185
256,128,64,512,445.356
256,128,64,1024,702.893
256,128,128,16,201.078
256,128,128,32,232.79
256,128,128,64,265.356
256,128,128,128,333.43
256,128,128,256,459.639
256,128,128,512,717.624
256,128,128,1024,1228.44
256,256,0,0,160.587
256,256,1,16,168.011
256,256,1,32,170.592
256,256,1,64,173.057
256,256,1,128,179.883
256,256,1,256,180.567
256,256,1,512,182.251
256,256,1,1024,189.686
256,256,2,16,168.353
256,256,2,32,171.499
256,256,2,64,173.793
256,256,2,128,181.398
256,256,2,256,181.921
256,256,2,512,189.494
256,256,2,1024,197.131
256,256,4,16,168.043
256,256,4,32,170.806
256,256,4,64,174.219
256,256,4,128,183.446
256,256,4,256,189.047
256,256,4,512,198.038
256,256,4,1024,216.439
256,256,8,16,169.003
256,256,8,32,173.27
256,256,8,64,176.843
256,256,8,128,190.112
256,256,8,256,199.489
256,256,8,512,216.384
256,256,8,1024,251.575
256,256,16,16,172.224
256,256,16,32,178.988
256,256,16,64,183.617
256,256,16,128,194.539
256,256,16,256,211.755
256,256,16,512,245.815
256,256,16,1024,312.46
256,256,32,16,181.611
256,256,32,32,191.916
256,256,32,64,201.761
256,256,32,128,220.087
256,256,32,256,253.537
256,256,32,512,320.887
256,256,32,1024,450.284
256,256,64,16,193.76
256,256,64,32,211.702
256,256,64,64,230.166
256,256,64,128,264.001
256,256,64,256,329.387
256,256,64,512,460.449
256,256,64,1024,718.478
256,256,128,16,217.345
256,256,128,32,249.793
256,256,128,64,281.057
256,256,128,128,348.054
256,256,128,256,475.938
256,256,128,512,731.789
256,256,128,1024,1244.02
256,512,0,0,193.548
256,512,1,16,201.75
256,512,1,32,203.809
256,512,1,64,206.732
256,512,1,128,213.676
256,512,1,256,213.537
256,512,1,512,215.404
256,512,1,1024,221.259
256,512,2,16,201.622
256,512,2,32,204.107
256,512,2,64,206.827
256,512,2,128,214.262
256,512,2,256,215.029
256,512,2,512,221.217
256,512,2,1024,230.091
256,512,4,16,201.473
256,512,4,32,205.345
256,512,4,64,208.364
256,512,4,128,216.224
256,512,4,256,221.985
256,512,4,512,231.201
256,512,4,1024,247.905
256,512,8,16,201.772
256,512,8,32,205.547
256,512,8,64,208.897
256,512,8,128,223.564
256,512,8,256,231.66
256,512,8,512,249.099
256,512,8,1024,283.638
256,512,16,16,206.198
256,512,16,32,211.905
256,512,16,64,216.715
256,512,16,128,227.361
256,512,16,256,244.887
256,512,16,512,279.158
256,512,16,1024,345.185
256,512,32,16,214.71
256,512,32,32,224.768
256,512,32,64,236.171
256,512,32,128,252.737
256,512,32,256,285.729
256,512,32,512,351.585
256,512,32,1024,482.551
256,512,64,16,226.56
256,512,64,32,244.812
256,512,64,64,263.265
256,512,64,128,297.857
256,512,64,256,362.966
256,512,64,512,493.719
256,512,64,1024,751.502
256,512,128,16,250.252
256,512,128,32,281.996
256,512,128,64,314.252
256,512,128,128,381.814
256,512,128,256,508.215
256,512,128,512,766.669
256,512,128,1024,1276.76
256,1024,0,0,260.204
256,1024,1,16,267.329
256,1024,1,32,269.952
256,1024,1,64,273.057
256,1024,1,128,279.637
256,1024,1,256,280.78
256,1024,1,512,281.698
256,1024,1,1024,288.438
256,1024,2,16,267.724
256,1024,2,32,270.284
256,1024,2,64,274.209
256,1024,2,128,280.844
256,1024,2,256,283.041
256,1024,2,512,287.596
256,1024,2,1024,297.206
256,1024,4,16,267.884
256,1024,4,32,271.404
256,1024,4,64,274.262
256,1024,4,128,282.444
256,1024,4,256,289.121
256,1024,4,512,298.593
256,1024,4,1024,315.095
256,1024,8,16,268.95
256,1024,8,32,272.001
256,1024,8,64,276.129
256,1024,8,128,290.081
256,1024,8,256,298.721
256,1024,8,512,316.172
256,1024,8,1024,349.91
256,1024,16,16,271.766
256,1024,16,32,278.188
256,1024,16,64,282.934
256,1024,16,128,293.697
256,1024,16,256,311.287
256,1024,16,512,344.886
256,1024,16,1024,411.457
256,1024,32,16,281.324
256,1024,32,32,291.66
256,1024,32,64,302.913
256,1024,32,128,319.18
256,1024,32,256,352.396
256,1024,32,512,418.594
256,1024,32,1024,551.351
256,1024,64,16,293.441
256,1024,64,32,311.958
256,1024,64,64,329.804
256,1024,64,128,363.34
256,1024,64,256,428.14
256,1024,64,512,560.728
256,1024,64,1024,819.139
256,1024,128,16,317.356
256,1024,128,32,348.354
256,1024,128,64,380.396
256,1024,128,128,446.658
256,1024,128,256,576.898
256,1024,128,512,831.843
256,1024,128,1024,1343.68
512,0,0,0,153.58
512,0,1,16,161.462
512,0,1,32,163.702
512,0,1,64,166.539
512,0,1,128,173.813
512,0,1,256,173.686
512,0,1,512,174.102
512,0,1,1024,181.483
512,0,2,16,161.803
512,0,2,32,163.755
512,0,2,64,167.265
512,0,2,128,173.846
512,0,2,256,174.87
512,0,2,512,181.75
512,0,2,1024,190.667
512,0,4,16,161.75
512,0,4,32,164.544
512,0,4,64,167.969
512,0,4,128,175.487
512,0,4,256,180.491
512,0,4,512,190.176
512,0,4,1024,209.152
512,0,8,16,163.329
512,0,8,32,166.166
512,0,8,64,169.388
512,0,8,128,183.095
512,0,8,256,192.332
512,0,8,512,210.71
512,0,8,1024,244.503
512,0,16,16,166.209
512,0,16,32,172.545
512,0,16,64,178.155
512,0,16,128,189.227
512,0,16,256,206.668
512,0,16,512,240.822
512,0,16,1024,307.66
512,0,32,16,173.91
512,0,32,32,185.184
512,0,32,64,195.446
512,0,32,128,213.825
512,0,32,256,246.359
512,0,32,512,313.835
512,0,32,1024,443.885
512,0,64,16,187.371
512,0,64,32,205.963
512,0,64,64,224.438
512,0,64,128,259.041
512,0,64,256,324.385
512,0,64,512,455.842
512,0,64,1024,713.261
512,0,128,16,212.641
512,0,128,32,244.961
512,0,128,64,277.248
512,0,128,128,343.671
512,0,128,256,471.916
512,0,128,512,727.864
512,0,128,1024,1240.75
512,16,0,0,170.337
512,16,1,16,177.75
512,16,1,32,179.905
512,16,1,64,182.529
512,16,1,128,189.568
512,16,1,256,190.475
512,16,1,512,191.285
512,16,1,1024,197.355
512,16,2,16,178.304
512,16,2,32,180.406
512,16,2,64,183.723
512,16,2,128,190.145
512,16,2,256,190.443
512,16,2,512,197.75
512,16,2,1024,206.902
512,16,4,16,177.568
512,16,4,32,181.11
512,16,4,64,183.958
512,16,4,128,191.862
512,16,4,256,197.643
512,16,4,512,207.98
512,16,4,1024,225.601
512,16,8,16,179.169
512,16,8,32,181.878
512,16,8,64,185.697
512,16,8,128,199.595
512,16,8,256,208.716
512,16,8,512,227.147
512,16,8,1024,260.832
512,16,16,16,182.656
512,16,16,32,189.292
512,16,16,64,194.454
512,16,16,128,204.523
512,16,16,256,222.176
512,16,16,512,256.738
512,16,16,1024,325.1
512,16,32,16,190.539
512,16,32,32,200.608
512,16,32,64,211.041
512,16,32,128,229.686
512,16,32,256,262.316
512,16,32,512,330.07
512,16,32,1024,461.261
512,16,64,16,203.681
512,16,64,32,221.921
512,16,64,64,240.512
512,16,64,128,274.838
512,16,64,256,340.31
512,16,64,512,471.553
512,16,64,1024,728.973
512,16,128,16,228.758
512,16,128,32,261.014
512,16,128,64,293.633
512,16,128,128,359.446
512,16,128,256,487.618
512,16,128,512,744.408
512,16,128,1024,1252.8
512,32,0,0,169.409
512,32,1,16,177.109
512,32,1,32,179.692
512,32,1,64,182.529
512,32,1,128,189.281
512,32,1,256,190.017
512,32,1,512,190.38
512,32,1,1024,198.23
512,32,2,16,177.377
512,32,2,32,180.363
512,32,2,64,182.966
512,32,2,128,189.654
512,32,2,256,190.528
512,32,2,512,196.81
512,32,2,1024,206.4
512,32,4,16,177.75
512,32,4,32,180.192
512,32,4,64,183.702
512,32,4,128,191.723
512,32,4,256,197.099
512,32,4,512,207.627
512,32,4,1024,225.43
512,32,8,16,178.326
512,32,8,32,182.219
512,32,8,64,185.547
512,32,8,128,198.518
512,32,8,256,207.734
512,32,8,512,226.304
512,32,8,1024,260.812
512,32,16,16,181.749
512,32,16,32,188.491
512,32,16,64,193.91
512,32,16,128,204.086
512,32,16,256,222.528
512,32,16,512,255.948
512,32,16,1024,323.052
512,32,32,16,189.697
512,32,32,32,200.79
512,32,32,64,211.136
512,32,32,128,229.612
512,32,32,256,262.817
512,32,32,512,328.652
512,32,32,1024,459.767
512,32,64,16,203.617
512,32,64,32,221.334
512,32,64,64,240.405
512,32,64,128,274.678
512,32,64,256,339.681
512,32,64,512,470.466
512,32,64,1024,728.503
512,32,128,16,227.317
512,32,128,32,260.406
512,32,128,64,291.702
512,32,128,128,359.031
512,32,128,256,486.71
512,32,128,512,743.544
512,32,128,1024,1253.34
512,64,0,0,177.345
512,64,1,16,185.11
512,64,1,32,187.084
512,64,1,64,190.06
512,64,1,128,196.833
512,64,1,256,197.142
512,64,1,512,198.016
512,64,1,1024,205.142
512,64,2,16,184.598
512,64,2,32,187.542
512,64,2,64,190.593
512,64,2,128,197.675
512,64,2,256,198.56
512,64,2,512,205.43
512,64,2,1024,214.529
512,64,4,16,185.632
512,64,4,32,188.012
512,64,4,64,191.115
512,64,4,128,199.756
512,64,4,256,205.398
512,64,4,512,214.433
512,64,4,1024,233.846
512,64,8,16,186.561
512,64,8,32,190.006
512,64,8,64,193.451
512,64,8,128,206.678
512,64,8,256,215.755
512,64,8,512,233.313
512,64,8,1024,268.449
512,64,16,16,190.476
512,64,16,32,196.235
512,64,16,64,201.025
512,64,16,128,210.721
512,64,16,256,229.568
512,64,16,512,263.531
512,64,16,1024,331.745
512,64,32,16,197.654
512,64,32,32,208.961
512,64,32,64,219.147
512,64,32,128,236.982
512,64,32,256,270.806
512,64,32,512,337.153
512,64,32,1024,467.927
512,64,64,16,211.126
512,64,64,32,229.377
512,64,64,64,248.236
512,64,64,128,282.486
512,64,64,256,347.276
512,64,64,512,477.645
512,64,64,1024,736.311
512,64,128,16,235.863
512,64,128,32,267.51
512,64,128,64,300.833
512,64,128,128,366.764
512,64,128,256,493.729
512,64,128,512,751.096
512,64,128,1024,1261.59
512,128,0,0,194.945
512,128,1,16,202.027
512,128,1,32,203.478
512,128,1,64,207.617
512,128,1,128,213.804
512,128,1,256,214.273
512,128,1,512,215.34
512,128,1,1024,222.881
512,128,2,16,202.273
512,128,2,32,204.555
512,128,2,64,207.734
512,128,2,128,214.389
512,128,2,256,215.244
512,128,2,512,221.622
512,128,2,1024,231.318
512,128,4,16,202.486
512,128,4,32,205.089
512,128,4,64,208.279
512,128,4,128,215.905
512,128,4,256,222.209
512,128,4,512,231.628
512,128,4,1024,249.708
512,128,8,16,203.073
512,128,8,32,207.19
512,128,8,64,209.728
512,128,8,128,224.245
512,128,8,256,233.356
512,128,8,512,250.283
512,128,8,1024,285.089
512,128,16,16,207.095
512,128,16,32,212.811
512,128,16,64,218.337
512,128,16,128,229.334
512,128,16,256,246.667
512,128,16,512,280.651
512,128,16,1024,347.937
512,128,32,16,214.177
512,128,32,32,225.323
512,128,32,64,235.788
512,128,32,128,252.716
512,128,32,256,286.103
512,128,32,512,353.345
512,128,32,1024,483.745
512,128,64,16,228.267
512,128,64,32,246.785
512,128,64,64,264.46
512,128,64,128,299.67
512,128,64,256,363.916
512,128,64,512,493.804
512,128,64,1024,752.067
512,128,128,16,251.905
512,128,128,32,285.152
512,128,128,64,317.249
512,128,128,128,384.012
512,128,128,256,509.655
512,128,128,512,767.522
512,128,128,1024,1277.86
512,256,0,0,227.596
512,256,1,16,234.721
512,256,1,32,237.622
512,256,1,64,240.15
512,256,1,128,247.361
512,256,1,256,246.816
512,256,1,512,248.758
512,256,1,1024,255.585
512,256,2,16,234.486
512,256,2,32,237.782
512,256,2,64,240.534
512,256,2,128,247.862
512,256,2,256,247.84
512,256,2,512,254.636
512,256,2,1024,263.521
512,256,4,16,235.168
512,256,4,32,238.272
512,256,4,64,241.675
512,256,4,128,248.738
512,256,4,256,255.542
512,256,4,512,264.47
512,256,4,1024,282.913
512,256,8,16,236.054
512,256,8,32,239.851
512,256,8,64,242.796
512,256,8,128,256.385
512,256,8,256,266.092
512,256,8,512,283.286
512,256,8,1024,318.187
512,256,16,16,240.214
512,256,16,32,244.993
512,256,16,64,251.766
512,256,16,128,261.686
512,256,16,256,279.457
512,256,16,512,313.89
512,256,16,1024,382.017
512,256,32,16,247.777
512,256,32,32,258.369
512,256,32,64,269.303
512,256,32,128,287.702
512,256,32,256,319.446
512,256,32,512,387.446
512,256,32,1024,517.485
512,256,64,16,261.003
512,256,64,32,279.564
512,256,64,64,297.783
512,256,64,128,333.068
512,256,64,256,397.111
512,256,64,512,531.394
512,256,64,1024,786.211
512,256,128,16,285.793
512,256,128,32,318.497
512,256,128,64,349.718
512,256,128,128,416.716
512,256,128,256,544.684
512,256,128,512,801.539
512,256,128,1024,1312.89
512,512,0,0,292.844
512,512,1,16,299.703
512,512,1,32,302.028
512,512,1,64,305.58
512,512,1,128,312.727
512,512,1,256,313.228
512,512,1,512,313.74
512,512,1,1024,320.097
512,512,2,16,300.332
512,512,2,32,303.158
512,512,2,64,306.027
512,512,2,128,312.567
512,512,2,256,313.793
512,512,2,512,320.78
512,512,2,1024,328.918
512,512,4,16,300.396
512,512,4,32,303.457
512,512,4,64,306.666
512,512,4,128,313.836
512,512,4,256,320.044
512,512,4,512,329.761
512,512,4,1024,347.575
512,512,8,16,301.995
512,512,8,32,305.036
512,512,8,64,307.468
512,512,8,128,321.867
512,512,8,256,331.328
512,512,8,512,349.227
512,512,8,1024,383.213
512,512,16,16,305.548
512,512,16,32,311.222
512,512,16,64,316.854
512,512,16,128,327.638
512,512,16,256,344.236
512,512,16,512,377.814
512,512,16,1024,445.196
512,512,32,16,312.737
512,512,32,32,323.233
512,512,32,64,334.316
512,512,32,128,351.446
512,512,32,256,384.513
512,512,32,512,452.118
512,512,32,1024,582.423
512,512,64,16,326.39
512,512,64,32,344.3
512,512,64,64,363.5
512,512,64,128,398.71
512,512,64,256,463.159
512,512,64,512,593.538
512,512,64,1024,852.184
512,512,128,16,351.436
512,512,128,32,384.299
512,512,128,64,416.055
512,512,128,128,483.959
512,512,128,256,609.623
512,512,128,512,868.802
512,512,128,1024,1378.09
512,1024,0,0,423.628
512,1024,1,16,430.7
512,1024,1,32,432.994
512,1024,1,64,436.14
512,1024,1,128,443.276
512,1024,1,256,443.286
512,1024,1,512,443.99
512,1024,1,1024,450.784
512,1024,2,16,430.359
512,1024,2,32,433.494
512,1024,2,64,436.162
512,1024,2,128,444.31
512,1024,2,256,444.907
512,1024,2,512,451.116
512,1024,2,1024,459.553
512,1024,4,16,430.733
512,1024,4,32,434.412
512,1024,4,64,437.59
512,1024,4,128,445.686
512,1024,4,256,450.401
512,1024,4,512,460.898
512,1024,4,1024,479.148
512,1024,8,16,432.439
512,1024,8,32,435.02
512,1024,8,64,439.287
512,1024,8,128,452.129
512,1024,8,256,460.951
512,1024,8,512,479.115
512,1024,8,1024,512.823
512,1024,16,16,435.052
512,1024,16,32,441.058
512,1024,16,64,446.978
512,1024,16,128,457.431
512,1024,16,256,475.138
512,1024,16,512,508.844
512,1024,16,1024,576.663
512,1024,32,16,443.212
512,1024,32,32,454.295
512,1024,32,64,464.738
512,1024,32,128,482.551
512,1024,32,256,516.322
512,1024,32,512,581.75
512,1024,32,1024,712.386
512,1024,64,16,457.1
512,1024,64,32,474.902
512,1024,64,64,494.39
512,1024,64,128,527.767
512,1024,64,256,592.941
512,1024,64,512,725.282
512,1024,64,1024,981.539
512,1024,128,16,481.729
512,1024,128,32,515.106
512,1024,128,64,546.519
512,1024,128,128,613.058
512,1024,128,256,741.048
512,1024,128,512,1000.26
512,1024,128,1024,1505.87
1024,0,0,0,417.985
1024,0,1,16,424.844
1024,0,1,32,427.127
1024,0,1,64,429.707
1024,0,1,128,436.876
1024,0,1,256,436.503
1024,0,1,512,437.911
1024,0,1,1024,444.908
1024,0,2,16,424.289
1024,0,2,32,427.852
1024,0,2,64,430.518
1024,0,2,128,437.741
1024,0,2,256,438.625
1024,0,2,512,445.078
1024,0,2,1024,453.762
1024,0,4,16,425.847
1024,0,4,32,428.46
1024,0,4,64,431.084
1024,0,4,128,439.116
1024,0,4,256,444.662
1024,0,4,512,454.402
1024,0,4,1024,473.069
1024,0,8,16,426.402
1024,0,8,32,429.334
1024,0,8,64,434.21
1024,0,8,128,447.436
1024,0,8,256,457.068
1024,0,8,512,474.423
1024,0,8,1024,507.48
1024,0,16,16,429.26
1024,0,16,32,435.703
1024,0,16,64,441.73
1024,0,16,128,452.183
1024,0,16,256,469.58
1024,0,16,512,504.001
1024,0,16,1024,569.826
1024,0,32,16,438.358
1024,0,32,32,448.396
1024,0,32,64,458.838
1024,0,32,128,476.737
1024,0,32,256,510.455
1024,0,32,512,576.023
1024,0,32,1024,707.874
1024,0,64,16,450.412
1024,0,64,32,468.631
1024,0,64,64,487.415
1024,0,64,128,522.616
1024,0,64,256,586.391
1024,0,64,512,718.189
1024,0,64,1024,976.739
1024,0,128,16,473.655
1024,0,128,32,508.012
1024,0,128,64,539.159
1024,0,128,128,605.271
1024,0,128,256,733.079
1024,0,128,512,989.336
1024,0,128,1024,1498.49
1024,16,0,0,441.857
1024,16,1,16,448.94
1024,16,1,32,451.458
1024,16,1,64,454.871
1024,16,1,128,461.932
1024,16,1,256,462.114
1024,16,1,512,463.074
1024,16,1,1024,469.42
1024,16,2,16,448.769
1024,16,2,32,452.652
1024,16,2,64,455.735
1024,16,2,128,461.516
1024,16,2,256,463.585
1024,16,2,512,469.9
1024,16,2,1024,479.66
1024,16,4,16,450.156
1024,16,4,32,453.057
1024,16,4,64,456.044
1024,16,4,128,463.873
1024,16,4,256,469.654
1024,16,4,512,479.191
1024,16,4,1024,497.89
1024,16,8,16,450.721
1024,16,8,32,453.996
1024,16,8,64,457.643
1024,16,8,128,471.287
1024,16,8,256,480.62
1024,16,8,512,499.266
1024,16,8,1024,532.365
1024,16,16,16,455.202
1024,16,16,32,460.525
1024,16,16,64,466.785
1024,16,16,128,476.482
1024,16,16,256,493.922
1024,16,16,512,529.911
1024,16,16,1024,597.612
1024,16,32,16,461.964
1024,16,32,32,473.036
1024,16,32,64,483.693
1024,16,32,128,500.631
1024,16,32,256,536.514
1024,16,32,512,600.557
1024,16,32,1024,733.005
1024,16,64,16,474.518
1024,16,64,32,492.578
1024,16,64,64,512.706
1024,16,64,128,546.327
1024,16,64,256,611.288
1024,16,64,512,742.957
1024,16,64,1024,1000.67
1024,16,128,16,499.948
1024,16,128,32,531.692
1024,16,128,64,563.479
1024,16,128,128,630.892
1024,16,128,256,759.438
1024,16,128,512,1014.15
1024,16,128,1024,1524.52
1024,32,0,0,440.652
1024,32,1,16,447.874
1024,32,1,32,450.796
1024,32,1,64,453.837
1024,32,1,128,460.524
1024,32,1,256,460.866
1024,32,1,512,462.22
1024,32,1,1024,467.82
1024,32,2,16,448.161
1024,32,2,32,450.691
1024,32,2,64,454.561
1024,32,2,128,460.502
1024,32,2,256,461.409
1024,32,2,512,468.502
1024,32,2,1024,476.79
1024,32,4,16,448.887
1024,32,4,32,452.141
1024,32,4,64,455.202
1024,32,4,128,462.776
1024,32,4,256,468.418
1024,32,4,512,478.359
1024,32,4,1024,497.398
1024,32,8,16,449.975
1024,32,8,32,453.175
1024,32,8,64,456.268
1024,32,8,128,470.189
1024,32,8,256,479.319
1024,32,8,512,497.431
1024,32,8,1024,531.703
1024,32,16,16,454.625
1024,32,16,32,458.508
1024,32,16,64,464.684
1024,32,16,128,474.529
1024,32,16,256,493.986
1024,32,16,512,527.799
1024,32,16,1024,595.01
1024,32,32,16,461.729
1024,32,32,32,472.534
1024,32,32,64,483.937
1024,32,32,128,501.122
1024,32,32,256,533.9
1024,32,32,512,600.535
1024,32,32,1024,733.314
1024,32,64,16,474.54
1024,32,64,32,491.852
1024,32,64,64,510.636
1024,32,64,128,546.263
1024,32,64,256,609.975
1024,32,64,512,742.445
1024,32,64,1024,1000.39
1024,32,128,16,497.399
1024,32,128,32,530.796
1024,32,128,64,562.796
1024,32,128,128,629.399
1024,32,128,256,756.951
1024,32,128,512,1015.04
1024,32,128,1024,1525.19
1024,64,0,0,455.511
1024,64,1,16,463.382
1024,64,1,32,466.358
1024,64,1,64,469.505
1024,64,1,128,474.828
1024,64,1,256,476.076
1024,64,1,512,476.397
1024,64,1,1024,484.023
1024,64,2,16,464.429
1024,64,2,32,466.935
1024,64,2,64,468.151
1024,64,2,128,475.724
1024,64,2,256,476.545
1024,64,2,512,483.564
1024,64,2,1024,491.873
1024,64,4,16,463.437
1024,64,4,32,466.861
1024,64,4,64,470.401
1024,64,4,128,477.101
1024,64,4,256,483.66
1024,64,4,512,492.62
1024,64,4,1024,512.525
1024,64,8,16,464.982
1024,64,8,32,468.588
1024,64,8,64,472.246
1024,64,8,128,484.631
1024,64,8,256,493.506
1024,64,8,512,512.908
1024,64,8,1024,545.986
1024,64,16,16,468.77
1024,64,16,32,474.999
1024,64,16,64,480.652
1024,64,16,128,489.538
1024,64,16,256,507.905
1024,64,16,512,543.384
1024,64,16,1024,610.083
1024,64,32,16,477.463
1024,64,32,32,487.362
1024,64,32,64,497.473
1024,64,32,128,516.428
1024,64,32,256,549.325
1024,64,32,512,614.466
1024,64,32,1024,747.118
1024,64,64,16,489.228
1024,64,64,32,507.586
1024,64,64,64,526.508
1024,64,64,128,561.111
1024,64,64,256,625.463
1024,64,64,512,756.834
1024,64,64,1024,1014.18
1024,64,128,16,513.037
1024,64,128,32,546.402
1024,64,128,64,578.327
1024,64,128,128,646.263
1024,64,128,256,772.718
1024,64,128,512,1028.65
1024,64,128,1024,1539.9
1024,128,0,0,490.103
1024,128,1,16,496.662
1024,128,1,32,499.266
1024,128,1,64,502.828
1024,128,1,128,508.93
1024,128,1,256,510.487
1024,128,1,512,509.591
1024,128,1,1024,516.929
1024,128,2,16,497.804
1024,128,2,32,500.386
1024,128,2,64,503.266
1024,128,2,128,510.742
1024,128,2,256,511.501
1024,128,2,512,517.153
1024,128,2,1024,525.655
1024,128,4,16,498.028
1024,128,4,32,500.993
1024,128,4,64,503.777
1024,128,4,128,511.329
1024,128,4,256,517.453
1024,128,4,512,527.042
1024,128,4,1024,545.089
1024,128,8,16,498.636
1024,128,8,32,501.314
1024,128,8,64,506.423
1024,128,8,128,520.118
1024,128,8,256,528.033
1024,128,8,512,546.38
1024,128,8,1024,579.969
1024,128,16,16,502.733
1024,128,16,32,508.791
1024,128,16,64,512.93
1024,128,16,128,524.866
1024,128,16,256,541.975
1024,128,16,512,577.068
1024,128,16,1024,643.981
1024,128,32,16,510.796
1024,128,32,32,520.407
1024,128,32,64,532.054
1024,128,32,128,550.455
1024,128,32,256,583.575
1024,128,32,512,649.368
1024,128,32,1024,781.144
1024,128,64,16,523.553
1024,128,64,32,540.684
1024,128,64,64,560.311
1024,128,64,128,594.936
1024,128,64,256,660.268
1024,128,64,512,791.416
1024,128,64,1024,1048.43
1024,128,128,16,547.319
1024,128,128,32,579.405
1024,128,128,64,613.218
1024,128,128,128,677.869
1024,128,128,256,805.837
1024,128,128,512,1063.36
1024,128,128,1024,1573.67
1024,256,0,0,561.836
1024,256,1,16,568.951
1024,256,1,32,571.351
1024,256,1,64,573.378
1024,256,1,128,581.282
1024,256,1,256,580.269
1024,256,1,512,582.029
1024,256,1,1024,589.4
1024,256,2,16,568.716
1024,256,2,32,572.162
1024,256,2,64,576.502
1024,256,2,128,719.469
1024,256,2,256,583.309
1024,256,2,512,588.748
1024,256,2,1024,596.812
1024,256,4,16,570.562
1024,256,4,32,572.876
1024,256,4,64,575.468
1024,256,4,128,583.117
1024,256,4,256,589.111
1024,256,4,512,600.044
1024,256,4,1024,618.946
1024,256,8,16,570.764
1024,256,8,32,573.879
1024,256,8,64,576.759
1024,256,8,128,591.97
1024,256,8,256,599.981
1024,256,8,512,618.7
1024,256,8,1024,652.417
1024,256,16,16,573.058
1024,256,16,32,580.642
1024,256,16,64,585.441
1024,256,16,128,596.258
1024,256,16,256,613.09
1024,256,16,512,648.044
1024,256,16,1024,715.223
1024,256,32,16,581.751
1024,256,32,32,592.162
1024,256,32,64,603.607
1024,256,32,128,621.538
1024,256,32,256,655.746
1024,256,32,512,721.794
1024,256,32,1024,852.642
1024,256,64,16,593.805
1024,256,64,32,613.624
1024,256,64,64,631.49
1024,256,64,128,666.839
1024,256,64,256,729.88
1024,256,64,512,862.072
1024,256,64,1024,1120.01
1024,256,128,16,619.917
1024,256,128,32,651.607
1024,256,128,64,683.97
1024,256,128,128,750.413
1024,256,128,256,876.931
1024,256,128,512,1133.56
1024,256,128,1024,1643.5
1024,512,0,0,699.896
1024,512,1,16,707.831
1024,512,1,32,710.029
1024,512,1,64,712.419
1024,512,1,128,720.301
1024,512,1,256,719.885
1024,512,1,512,721.506
1024,512,1,1024,727.566
1024,512,2,16,709.09
1024,512,2,32,710.338
1024,512,2,64,713.912
1024,512,2,128,720.472
1024,512,2,256,721.165
1024,512,2,512,728.535
1024,512,2,1024,737.036
1024,512,4,16,709.591
1024,512,4,32,710.733
1024,512,4,64,714.178
1024,512,4,128,721.998
1024,512,4,256,728.279
1024,512,4,512,737.293
1024,512,4,1024,755.745
1024,512,8,16,709.923
1024,512,8,32,712.322
1024,512,8,64,715.383
1024,512,8,128,730.499
1024,512,8,256,738.328
1024,512,8,512,757.581
1024,512,8,1024,790.242
1024,512,16,16,712.717
1024,512,16,32,718.658
1024,512,16,64,724.695
1024,512,16,128,735.245
1024,512,16,256,752.088
1024,512,16,512,787
1024,512,16,1024,854.562
1024,512,32,16,720.759
1024,512,32,32,730.85
1024,512,32,64,741.666
1024,512,32,128,760.066
1024,512,32,256,793.666
1024,512,32,512,859.351
1024,512,32,1024,989.72
1024,512,64,16,733.495
1024,512,64,32,750.456
1024,512,64,64,769.432
1024,512,64,128,805.198
1024,512,64,256,869.922
1024,512,64,512,999.064
1024,512,64,1024,1258.13
1024,512,128,16,758.658
1024,512,128,32,790.701
1024,512,128,64,821.741
1024,512,128,128,889.773
1024,512,128,256,1017.14
1024,512,128,512,1272.67
1024,512,128,1024,1784.17
