layer,tokens,time_us
act_fn,1,5.78167
act_fn,2,6.50667
act_fn,3,6.52833
act_fn,4,6.57067
act_fn,5,6.58133
act_fn,6,6.69867
act_fn,7,6.56
act_fn,8,6.688
act_fn,9,6.73067
act_fn,10,6.82667
act_fn,11,6.76267
act_fn,12,6.73067
act_fn,13,6.58133
act_fn,14,6.646
act_fn,15,6.67733
act_fn,16,6.66667
act_fn,20,6.56
act_fn,24,6.76267
act_fn,28,6.85867
act_fn,32,6.944
act_fn,36,7.136
act_fn,40,7.31733
act_fn,44,7.42433
act_fn,48,7.52033
act_fn,52,7.75467
act_fn,56,7.904
act_fn,60,8.35233
act_fn,64,8.64
act_fn,80,13.5573
act_fn,96,15.328
act_fn,112,17.5893
act_fn,128,20.96
act_fn,144,25.3553
act_fn,160,26.923
act_fn,176,29.0133
act_fn,192,32.0747
act_fn,208,35.3813
act_fn,224,37.2373
act_fn,240,38.7097
act_fn,256,41.7073
act_fn,272,44.9493
act_fn,288,49.0567
act_fn,304,50.624
act_fn,320,52.6087
act_fn,336,55.275
act_fn,352,59.4993
act_fn,368,61.1637
act_fn,384,62.7843
act_fn,400,64.3527
act_fn,416,68.704
act_fn,432,70.3047
act_fn,448,72.3523
act_fn,464,74.4963
act_fn,480,78.3367
act_fn,496,80.6193
act_fn,512,82.923
act_fn,528,81.377
act_fn,544,84.8007
act_fn,560,87.8513
act_fn,576,89.6963
act_fn,592,92.0753
act_fn,608,94.8913
act_fn,624,98.977
act_fn,640,101.067
act_fn,656,106.07
act_fn,672,107.691
act_fn,688,110.55
act_fn,704,114.731
act_fn,720,115.542
act_fn,736,117.505
act_fn,752,121.356
act_fn,768,123.947
act_fn,784,127.105
act_fn,800,126.838
act_fn,816,129.046
act_fn,832,132.544
act_fn,848,134.677
act_fn,864,137.59
act_fn,880,139.521
act_fn,896,142.305
act_fn,912,142.454
act_fn,928,144.15
act_fn,944,146.763
act_fn,960,150.145
act_fn,976,152.182
act_fn,992,154.934
act_fn,1008,156.854
act_fn,1024,163.478
act_fn,1040,161.441
act_fn,1056,164.214
act_fn,1072,168.087
act_fn,1088,171.34
act_fn,1104,174.252
act_fn,1120,177.58
act_fn,1136,179.777
act_fn,1152,181.964
act_fn,1168,182.977
act_fn,1184,185.217
act_fn,1200,187.905
act_fn,1216,190.401
act_fn,1232,193.996
act_fn,1248,195.926
act_fn,1264,198.284
act_fn,1280,201.324
act_fn,1296,200.982
act_fn,1312,203.606
act_fn,1328,206.134
act_fn,1344,208.321
act_fn,1360,214.646
act_fn,1376,215.383
act_fn,1392,216.172
act_fn,1408,218.54
act_fn,1424,223.863
act_fn,1440,226.22
act_fn,1456,229.036
act_fn,1472,231.895
act_fn,1488,234.167
act_fn,1504,241.761
act_fn,1520,239.671
act_fn,1536,242.369
act_fn,1552,240.684
act_fn,1568,243.447
act_fn,1584,245.196
act_fn,1600,248.577
act_fn,1616,251.553
act_fn,1632,254.785
act_fn,1648,257.367
act_fn,1664,261.314
act_fn,1680,262.817
act_fn,1696,263.895
act_fn,1712,265.772
act_fn,1728,268.801
act_fn,1744,270.946
act_fn,1760,274.103
act_fn,1776,275.532
act_fn,1792,278.679
act_fn,1808,282.988
act_fn,1824,290.978
act_fn,1840,288.834
act_fn,1856,290.466
act_fn,1872,293.474
act_fn,1888,296.289
act_fn,1904,298.626
act_fn,1920,301.687
act_fn,1936,302.402
act_fn,1952,304.685
act_fn,1968,308.535
act_fn,1984,309.377
act_fn,2000,312.183
act_fn,2016,318.242
act_fn,2032,317.079
down_proj,1,211.361
down_proj,2,232.598
down_proj,3,233.43
down_proj,4,234.508
down_proj,5,234.807
down_proj,6,237.409
down_proj,7,236.225
down_proj,8,237.441
down_proj,9,237.004
down_proj,10,241.261
down_proj,11,241.878
down_proj,12,238.625
down_proj,13,239.575
down_proj,14,240.353
down_proj,15,243.905
down_proj,16,246.007
down_proj,20,384.333
down_proj,24,389.677
down_proj,28,383.756
down_proj,32,386.967
down_proj,36,395.597
down_proj,40,391.757
down_proj,44,394.445
down_proj,48,396.023
down_proj,52,399.49
down_proj,56,399.49
down_proj,60,399.895
down_proj,64,402.135
down_proj,80,392.471
down_proj,96,389.964
down_proj,112,394.669
down_proj,128,394.21
down_proj,144,696.121
down_proj,160,696.184
down_proj,176,696.964
down_proj,192,696.867
down_proj,208,707.992
down_proj,224,707.694
down_proj,240,710.542
down_proj,256,709.262
down_proj,272,1057.4
down_proj,288,1059.08
down_proj,304,1060.54
down_proj,320,1060.24
down_proj,336,1072.59
down_proj,352,1073.48
down_proj,368,1073.76
down_proj,384,1074.14
down_proj,400,1378.96
down_proj,416,1379.6
down_proj,432,1379.12
down_proj,448,1379.21
down_proj,464,1377.93
down_proj,480,1380.79
down_proj,496,1378.85
down_proj,512,1377.99
down_proj,528,1841.2
down_proj,544,1841.67
down_proj,560,1841.96
down_proj,576,1842.94
down_proj,592,1843
down_proj,608,1843.94
down_proj,624,1844.51
down_proj,640,1845.2
down_proj,656,2297.78
down_proj,672,2297.94
down_proj,688,2042.37
down_proj,704,2042.88
down_proj,720,2041.94
down_proj,736,2042.85
down_proj,752,2042.64
down_proj,768,2042.44
down_proj,784,2383.79
down_proj,800,2380.46
down_proj,816,2380.31
down_proj,832,2380.65
down_proj,848,2385.69
down_proj,864,2380.71
down_proj,880,2385.5
down_proj,896,2380.59
down_proj,912,2725.13
down_proj,928,2726.73
down_proj,944,2727.77
down_proj,960,2726.85
down_proj,976,2742.44
down_proj,992,2743.91
down_proj,1008,2743.74
down_proj,1024,2743.71
down_proj,1040,2964.64
down_proj,1056,4071.86
down_proj,1072,4072.48
down_proj,1088,4070.41
down_proj,1104,4071.07
down_proj,1120,4071.33
down_proj,1136,4071.33
down_proj,1152,4072.16
down_proj,1168,4074.36
down_proj,1184,4074.98
down_proj,1200,4074.93
down_proj,1216,4075.13
down_proj,1232,4074.42
down_proj,1248,4074.79
down_proj,1264,4075.18
down_proj,1280,4074.97
down_proj,1296,3731.32
down_proj,1312,3731.83
down_proj,1328,3732.1
down_proj,1344,3731.7
down_proj,1360,3730.88
down_proj,1376,3731.73
down_proj,1392,3731.67
down_proj,1408,3731.89
down_proj,1424,4063.27
down_proj,1440,4063.48
down_proj,1456,4078.55
down_proj,1472,4079.27
down_proj,1488,4078.45
down_proj,1504,4079.03
down_proj,1520,4079.62
down_proj,1536,4079.76
down_proj,1552,4408.01
down_proj,1568,4406.52
down_proj,1584,4406.76
down_proj,1600,4406.22
down_proj,1616,4406.44
down_proj,1632,4406.77
down_proj,1648,4406.33
down_proj,1664,4407.14
down_proj,1680,4635.56
down_proj,1696,4635.55
down_proj,1712,4634.14
down_proj,1728,4637.08
down_proj,1744,4630.84
down_proj,1760,4635.79
down_proj,1776,4640.53
down_proj,1792,4641.34
down_proj,1808,5415.76
down_proj,1824,5415.63
down_proj,1840,5432.99
down_proj,1856,5431.41
down_proj,1872,5431.5
down_proj,1888,5433.34
down_proj,1904,5432.37
down_proj,1920,5433.01
down_proj,1936,5437.58
down_proj,1952,5436.94
down_proj,1968,5435.95
down_proj,1984,5436.92
down_proj,2000,5437.06
down_proj,2016,5436.53
down_proj,2032,5436.32
embedding,1,4.75767
embedding,2,5.28
embedding,3,5.69633
embedding,4,6.00533
embedding,5,6.47467
embedding,6,6.89067
embedding,7,7.296
embedding,8,7.616
embedding,9,8.149
embedding,10,8.544
embedding,11,8.96
embedding,12,9.408
embedding,13,9.80267
embedding,14,10.24
embedding,15,11.0183
embedding,16,11.2213
embedding,20,4.34133
embedding,24,4.309
embedding,28,4.54367
embedding,32,4.46967
embedding,36,4.69333
embedding,40,4.74633
embedding,44,4.89567
embedding,48,4.822
embedding,52,4.98133
embedding,56,4.99233
embedding,60,5.19467
embedding,64,5.21567
embedding,80,5.46133
embedding,96,5.46167
embedding,112,5.685
embedding,128,5.75967
embedding,144,6.12233
embedding,160,6.25067
embedding,176,6.4
embedding,192,6.52833
embedding,208,6.688
embedding,224,6.77333
embedding,240,7.10433
embedding,256,7.286
embedding,272,7.59467
embedding,288,7.798
embedding,304,7.95667
embedding,320,8.00033
embedding,336,8.011
embedding,352,8.08533
embedding,368,8.693
embedding,384,8.85367
embedding,400,9.141
embedding,416,9.248
embedding,432,9.23733
embedding,448,9.33367
embedding,464,9.472
embedding,480,9.632
embedding,496,9.899
embedding,512,10.048
embedding,528,10.3893
embedding,544,10.6987
embedding,560,10.8483
embedding,576,10.997
embedding,592,11.1357
embedding,608,11.787
embedding,624,12.3523
embedding,640,12.1707
embedding,656,12.0427
embedding,672,12.4697
embedding,688,12.7257
embedding,704,13.0567
embedding,720,13.1733
embedding,736,13.461
embedding,752,14.251
embedding,768,14.3257
embedding,784,14.6347
embedding,800,15.019
embedding,816,15.7437
embedding,832,16.0533
embedding,848,16.064
embedding,864,16.384
embedding,880,16.4587
embedding,896,16.8853
embedding,912,17.291
embedding,928,17.8667
embedding,944,18.2613
embedding,960,20.224
embedding,976,18.7193
embedding,992,19.328
embedding,1008,20.0317
embedding,1024,19.3067
embedding,1040,19.7547
embedding,1056,20.9177
embedding,1072,19.968
embedding,1088,19.904
embedding,1104,21.781
embedding,1120,20.6297
embedding,1136,20.6187
embedding,1152,21.1627
embedding,1168,20.864
embedding,1184,21.1203
embedding,1200,21.0023
embedding,1216,21.632
embedding,1232,21.8877
embedding,1248,21.9197
embedding,1264,22.1013
embedding,1280,22.2933
embedding,1296,22.6773
embedding,1312,23.307
embedding,1328,23.2753
embedding,1344,23.4347
embedding,1360,23.8297
embedding,1376,23.6587
embedding,1392,24.3093
embedding,1408,24.6933
embedding,1424,24.6187
embedding,1440,24.9713
embedding,1456,25.2273
embedding,1472,25.3553
embedding,1488,26.5177
embedding,1504,25.8237
embedding,1520,26.709
embedding,1536,27.03
embedding,1552,26.56
embedding,1568,26.7203
embedding,1584,27.072
embedding,1600,27.574
embedding,1616,27.723
embedding,1632,28.1927
embedding,1648,28.0533
embedding,1664,28.0537
embedding,1680,28.3733
embedding,1696,28.683
embedding,1712,29.1097
embedding,1728,29.4617
embedding,1744,29.4083
embedding,1760,30.0907
embedding,1776,30.5707
embedding,1792,30.8163
embedding,1808,31.1257
embedding,1824,31.1573
embedding,1840,31.968
embedding,1856,32.0213
embedding,1872,31.851
embedding,1888,32.3627
embedding,1904,32.7363
embedding,1920,32.5983
embedding,1936,32.96
embedding,1952,32.9493
embedding,1968,33.6107
embedding,1984,34.3147
embedding,2000,34.2083
embedding,2016,34.0057
embedding,2032,34.7307
final_layernorm,1,3.44533
final_layernorm,2,3.89367
final_layernorm,3,3.904
final_layernorm,4,3.92533
final_layernorm,5,3.93633
final_layernorm,6,3.88267
final_layernorm,7,3.93567
final_layernorm,8,3.936
final_layernorm,9,3.98933
final_layernorm,10,3.97833
final_layernorm,11,4.00067
final_layernorm,12,4
final_layernorm,13,4.04233
final_layernorm,14,4.064
final_layernorm,15,4.05333
final_layernorm,16,4.27667
final_layernorm,20,4.416
final_layernorm,24,4.53367
final_layernorm,28,4.72533
final_layernorm,32,4.75767
final_layernorm,36,5.312
final_layernorm,40,5.39733
final_layernorm,44,5.64267
final_layernorm,48,5.68533
final_layernorm,52,5.83467
final_layernorm,56,6.08
final_layernorm,60,6.19733
final_layernorm,64,6.31467
final_layernorm,80,7.392
final_layernorm,96,8.18133
final_layernorm,112,8.58667
final_layernorm,128,8.99233
final_layernorm,144,10.0053
final_layernorm,160,10.784
final_layernorm,176,11.3067
final_layernorm,192,11.8293
final_layernorm,208,12.768
final_layernorm,224,13.6537
final_layernorm,240,14.4857
final_layernorm,256,12.1387
final_layernorm,272,13.9733
final_layernorm,288,16.4907
final_layernorm,304,16.8857
final_layernorm,320,18.0053
final_layernorm,336,18.912
final_layernorm,352,19.8827
final_layernorm,368,21.3017
final_layernorm,384,22.3787
final_layernorm,400,23.6693
final_layernorm,416,24.6617
final_layernorm,432,25.963
final_layernorm,448,26.9227
final_layernorm,464,28
final_layernorm,480,29.0457
final_layernorm,496,30.1123
final_layernorm,512,31.19
final_layernorm,528,32.9703
final_layernorm,544,34.059
final_layernorm,560,35.5093
final_layernorm,576,37.6213
final_layernorm,592,38.2187
final_layernorm,608,40.118
final_layernorm,624,41.974
final_layernorm,640,42.87
final_layernorm,656,39.5627
final_layernorm,672,40.8533
final_layernorm,688,42.304
final_layernorm,704,44.3307
final_layernorm,720,44.587
final_layernorm,736,46.2293
final_layernorm,752,47.072
final_layernorm,768,50.7737
final_layernorm,784,48.8003
final_layernorm,800,50.4747
final_layernorm,816,50.4327
final_layernorm,832,52.064
final_layernorm,848,53.099
final_layernorm,864,53.931
final_layernorm,880,54.998
final_layernorm,896,57.2483
final_layernorm,912,62.1443
final_layernorm,928,59.3177
final_layernorm,944,60.6507
final_layernorm,960,61.8457
final_layernorm,976,61.6323
final_layernorm,992,62.9227
final_layernorm,1008,64.3627
final_layernorm,1024,65.579
final_layernorm,1040,65.408
final_layernorm,1056,65.1843
final_layernorm,1072,65.3657
final_layernorm,1088,67.499
final_layernorm,1104,68.3313
final_layernorm,1120,69.6643
final_layernorm,1136,70.0587
final_layernorm,1152,71.2327
final_layernorm,1168,72.6303
final_layernorm,1184,73.7603
final_layernorm,1200,74.8483
final_layernorm,1216,76.6827
final_layernorm,1232,77.9417
final_layernorm,1248,83.6907
final_layernorm,1264,79.979
final_layernorm,1280,81.014
final_layernorm,1296,79.979
final_layernorm,1312,81.8033
final_layernorm,1328,82.9123
final_layernorm,1344,83.574
final_layernorm,1360,85.0457
final_layernorm,1376,85.5253
final_layernorm,1392,86.2297
final_layernorm,1408,88.1927
final_layernorm,1424,92.715
final_layernorm,1440,93.4507
final_layernorm,1456,94.507
final_layernorm,1472,95.7983
final_layernorm,1488,96.8747
final_layernorm,1504,97.9743
final_layernorm,1520,97.568
final_layernorm,1536,98.678
final_layernorm,1552,93.6433
final_layernorm,1568,94.7527
final_layernorm,1584,94.955
final_layernorm,1600,96.9183
final_layernorm,1616,98.4433
final_layernorm,1632,98.5603
final_layernorm,1648,99.7017
final_layernorm,1664,100.608
final_layernorm,1680,104.331
final_layernorm,1696,105.483
final_layernorm,1712,106.977
final_layernorm,1728,107.147
final_layernorm,1744,108.939
final_layernorm,1760,109.547
final_layernorm,1776,110.049
final_layernorm,1792,111.84
final_layernorm,1808,111.702
final_layernorm,1824,111.627
final_layernorm,1840,112.662
final_layernorm,1856,113.963
final_layernorm,1872,115.158
final_layernorm,1888,117.398
final_layernorm,1904,117.665
final_layernorm,1920,119.211
final_layernorm,1936,125.174
final_layernorm,1952,120.342
final_layernorm,1968,121.28
final_layernorm,1984,122.123
final_layernorm,2000,123.884
final_layernorm,2016,124.3
final_layernorm,2032,125.259
gate_up_proj,1,404.098
gate_up_proj,2,408.216
gate_up_proj,3,411.522
gate_up_proj,4,409.324
gate_up_proj,5,410.381
gate_up_proj,6,414.338
gate_up_proj,7,411.533
gate_up_proj,8,417.282
gate_up_proj,9,413.602
gate_up_proj,10,415.65
gate_up_proj,11,415.725
gate_up_proj,12,415.607
gate_up_proj,13,416.034
gate_up_proj,14,415.971
gate_up_proj,15,418.252
gate_up_proj,16,416.995
gate_up_proj,20,455.042
gate_up_proj,24,454.477
gate_up_proj,28,458.093
gate_up_proj,32,456.311
gate_up_proj,36,459.181
gate_up_proj,40,457.592
gate_up_proj,44,458.381
gate_up_proj,48,458.007
gate_up_proj,52,460.098
gate_up_proj,56,467.98
gate_up_proj,60,464.994
gate_up_proj,64,464.664
gate_up_proj,80,792.389
gate_up_proj,96,792.687
gate_up_proj,112,794.586
gate_up_proj,128,796.121
gate_up_proj,144,1019.24
gate_up_proj,160,1022.14
gate_up_proj,176,1025.11
gate_up_proj,192,1027.35
gate_up_proj,208,1574.73
gate_up_proj,224,1575.22
gate_up_proj,240,1576.41
gate_up_proj,256,1576.56
gate_up_proj,272,1987.79
gate_up_proj,288,1987.98
gate_up_proj,304,1989.96
gate_up_proj,320,1990.05
gate_up_proj,336,1990.72
gate_up_proj,352,1991.05
gate_up_proj,368,1992.37
gate_up_proj,384,1995.3
gate_up_proj,400,2753.38
gate_up_proj,416,2753.66
gate_up_proj,432,2754.38
gate_up_proj,448,2754.36
gate_up_proj,464,2755.69
gate_up_proj,480,2755.4
gate_up_proj,496,2756.34
gate_up_proj,512,2756.23
gate_up_proj,528,3538.51
gate_up_proj,544,3536.91
gate_up_proj,560,3538.67
gate_up_proj,576,3539.47
gate_up_proj,592,3539.47
gate_up_proj,608,3540.41
gate_up_proj,624,3540.77
gate_up_proj,640,3542.31
gate_up_proj,656,3958.87
gate_up_proj,672,3960.57
gate_up_proj,688,3964.29
gate_up_proj,704,3963.31
gate_up_proj,720,3965.83
gate_up_proj,736,3966.58
gate_up_proj,752,3965.42
gate_up_proj,768,3967.2
gate_up_proj,784,4718.78
gate_up_proj,800,4719.25
gate_up_proj,816,4718.67
gate_up_proj,832,4718.33
gate_up_proj,848,4719.53
gate_up_proj,864,4718.64
gate_up_proj,880,4719.07
gate_up_proj,896,4720.23
gate_up_proj,912,5494.08
gate_up_proj,928,5493.46
gate_up_proj,944,5494.55
gate_up_proj,960,5492.97
gate_up_proj,976,5494.78
gate_up_proj,992,5494.59
gate_up_proj,1008,5497.98
gate_up_proj,1024,5499.35
gate_up_proj,1040,5902.43
gate_up_proj,1056,5902.75
gate_up_proj,1072,5902.85
gate_up_proj,1088,5903.77
gate_up_proj,1104,5904.14
gate_up_proj,1120,5905.07
gate_up_proj,1136,5904.49
gate_up_proj,1152,5905.48
gate_up_proj,1168,6681.32
gate_up_proj,1184,6680.6
gate_up_proj,1200,6681.13
gate_up_proj,1216,6680.62
gate_up_proj,1232,6681.04
gate_up_proj,1248,6681.21
gate_up_proj,1264,6681.48
gate_up_proj,1280,6681.32
gate_up_proj,1296,7456.05
gate_up_proj,1312,7455.4
gate_up_proj,1328,7455.96
gate_up_proj,1344,7454.56
gate_up_proj,1360,7456.8
gate_up_proj,1376,7454.78
gate_up_proj,1392,7458.44
gate_up_proj,1408,7454.87
gate_up_proj,1424,7864.59
gate_up_proj,1440,7863.95
gate_up_proj,1456,7863.21
gate_up_proj,1472,7866.35
gate_up_proj,1488,7865.66
gate_up_proj,1504,7864.81
gate_up_proj,1520,7865.19
gate_up_proj,1536,7866.25
gate_up_proj,1552,8640.67
gate_up_proj,1568,8643.4
gate_up_proj,1584,8641.99
gate_up_proj,1600,8643.25
gate_up_proj,1616,8641.44
gate_up_proj,1632,8643.57
gate_up_proj,1648,8643.8
gate_up_proj,1664,8643.18
gate_up_proj,1680,9412.61
gate_up_proj,1696,9413.37
gate_up_proj,1712,9414.9
gate_up_proj,1728,9413.8
gate_up_proj,1744,9413.44
gate_up_proj,1760,9412.44
gate_up_proj,1776,9411.45
gate_up_proj,1792,9414.76
gate_up_proj,1808,9823.92
gate_up_proj,1824,9825.56
gate_up_proj,1840,9827.53
gate_up_proj,1856,9826.54
gate_up_proj,1872,9827.08
gate_up_proj,1888,9828.71
gate_up_proj,1904,9828.06
gate_up_proj,1920,9828.67
gate_up_proj,1936,10599.5
gate_up_proj,1952,10602.9
gate_up_proj,1968,10604.1
gate_up_proj,1984,10601.9
gate_up_proj,2000,10603.6
gate_up_proj,2016,10604
gate_up_proj,2032,10602.6
layernorm,1,3.296
layernorm,2,3.568
layernorm,3,3.60017
layernorm,4,3.61083
layernorm,5,3.62667
layernorm,6,3.60533
layernorm,7,3.6105
layernorm,8,3.62667
layernorm,9,3.659
layernorm,10,3.68033
layernorm,11,3.65333
layernorm,12,3.69583
layernorm,13,3.69083
layernorm,14,3.71733
layernorm,15,3.80817
layernorm,16,3.81317
layernorm,20,3.952
layernorm,24,4.075
layernorm,28,4.24
layernorm,32,4.36267
layernorm,36,4.64033
layernorm,40,4.80533
layernorm,44,4.96533
layernorm,48,5.1145
layernorm,52,5.26417
layernorm,56,5.34933
layernorm,60,5.50967
layernorm,64,5.792
layernorm,80,6.80533
layernorm,96,6.997
layernorm,112,7.22133
layernorm,128,7.53617
layernorm,144,8.27733
layernorm,160,8.80567
layernorm,176,9.2
layernorm,192,9.584
layernorm,208,10.2027
layernorm,224,10.624
layernorm,240,11.3283
layernorm,256,9.28533
layernorm,272,9.66933
layernorm,288,12.0638
layernorm,304,12.5547
layernorm,320,13.4507
layernorm,336,14.08
layernorm,352,14.7577
layernorm,368,15.3228
layernorm,384,15.808
layernorm,400,16.5657
layernorm,416,17.5252
layernorm,432,18.2508
layernorm,448,18.9973
layernorm,464,20.1227
layernorm,480,20.832
layernorm,496,22.1605
layernorm,512,23.2802
layernorm,528,23.9042
layernorm,544,25.2802
layernorm,560,26.1922
layernorm,576,27.7493
layernorm,592,28.4482
layernorm,608,29.4402
layernorm,624,30.4432
layernorm,640,31.1573
layernorm,656,30.6187
layernorm,672,31.52
layernorm,688,32.144
layernorm,704,32.6987
layernorm,720,33.7073
layernorm,736,34.8963
layernorm,752,36.9122
layernorm,768,36.9227
layernorm,784,38.0697
layernorm,800,39.9363
layernorm,816,40.1868
layernorm,832,40.6027
layernorm,848,41.6267
layernorm,864,42.5072
layernorm,880,43.4242
layernorm,896,43.9683
layernorm,912,44.8857
layernorm,928,45.6537
layernorm,944,46.4002
layernorm,960,47.9045
layernorm,976,47.3975
layernorm,992,49.0882
layernorm,1008,48.9282
layernorm,1024,49.7072
layernorm,1040,49.5475
layernorm,1056,50.8642
layernorm,1072,50.699
layernorm,1088,52.2513
layernorm,1104,53.1902
layernorm,1120,53.1523
layernorm,1136,54.3307
layernorm,1152,55.5095
layernorm,1168,55.5257
layernorm,1184,56.8057
layernorm,1200,58.0057
layernorm,1216,58.6777
layernorm,1232,59.9735
layernorm,1248,60.4853
layernorm,1264,60.918
layernorm,1280,62.2938
layernorm,1296,62.8538
layernorm,1312,63.8777
layernorm,1328,64.7683
layernorm,1344,65.5525
layernorm,1360,66.5712
layernorm,1376,67.2055
layernorm,1392,68.2137
layernorm,1408,68.8482
layernorm,1424,69.6325
layernorm,1440,70.3897
layernorm,1456,71.2802
layernorm,1472,72.0537
layernorm,1488,72.603
layernorm,1504,73.0137
layernorm,1520,73.963
layernorm,1536,74.9173
layernorm,1552,73.1683
layernorm,1568,73.6963
layernorm,1584,74.7312
layernorm,1600,75.4402
layernorm,1616,76.2778
layernorm,1632,76.7155
layernorm,1648,77.734
layernorm,1664,78.2882
layernorm,1680,79.1363
layernorm,1696,83.0992
layernorm,1712,80.95
layernorm,1728,81.7818
layernorm,1744,82.88
layernorm,1760,83.6117
layernorm,1776,84.486
layernorm,1792,85.2643
layernorm,1808,85.4032
layernorm,1824,87.0458
layernorm,1840,88.2672
layernorm,1856,88.8378
layernorm,1872,89.3498
layernorm,1888,90.2193
layernorm,1904,91.1098
layernorm,1920,92.2565
layernorm,1936,92.3683
layernorm,1952,93.6062
layernorm,1968,93.7928
layernorm,1984,94.8487
layernorm,2000,95.6912
layernorm,2016,96.1817
layernorm,2032,97.2378
o_proj,1,60.95
o_proj,2,69.5787
o_proj,3,70.635
o_proj,4,70.4537
o_proj,5,70.529
o_proj,6,71.232
o_proj,7,71.51
o_proj,8,71.489
o_proj,9,71.8297
o_proj,10,72.459
o_proj,11,72.747
o_proj,12,72.6293
o_proj,13,73.28
o_proj,14,73.804
o_proj,15,78.8697
o_proj,16,80.3207
o_proj,20,74.5177
o_proj,24,74.8907
o_proj,28,75.9683
o_proj,32,76.203
o_proj,36,77.291
o_proj,40,78.1763
o_proj,44,79.467
o_proj,48,80.011
o_proj,52,81.44
o_proj,56,81.9843
o_proj,60,83.3283
o_proj,64,85.6107
o_proj,80,113.441
o_proj,96,114.006
o_proj,112,113.355
o_proj,128,114.07
o_proj,144,205.206
o_proj,160,205.462
o_proj,176,206.006
o_proj,192,206.188
o_proj,208,215.585
o_proj,224,215.724
o_proj,240,215.596
o_proj,256,216.129
o_proj,272,398.092
o_proj,288,398.679
o_proj,304,398.573
o_proj,320,398.968
o_proj,336,399.063
o_proj,352,398.648
o_proj,368,399.042
o_proj,384,399.245
o_proj,400,403.469
o_proj,416,403.63
o_proj,432,403.768
o_proj,448,403.918
o_proj,464,403.64
o_proj,480,404.056
o_proj,496,403.927
o_proj,512,403.427
o_proj,528,551.886
o_proj,544,552.11
o_proj,560,551.704
o_proj,576,551.918
o_proj,592,553.177
o_proj,608,553.625
o_proj,624,554.574
o_proj,640,554.084
o_proj,656,609.251
o_proj,672,609.945
o_proj,688,598.969
o_proj,704,598.852
o_proj,720,599.342
o_proj,736,599.172
o_proj,752,599.321
o_proj,768,600.11
o_proj,784,793.892
o_proj,800,793.893
o_proj,816,793.519
o_proj,832,794.65
o_proj,848,794.906
o_proj,864,794.49
o_proj,880,794.821
o_proj,896,794.404
o_proj,912,794.308
o_proj,928,795.216
o_proj,944,795.034
o_proj,960,795.183
o_proj,976,800.335
o_proj,992,800.986
o_proj,1008,800.506
o_proj,1024,800.196
o_proj,1040,977.274
o_proj,1056,977.52
o_proj,1072,977.606
o_proj,1088,977.328
o_proj,1104,977.051
o_proj,1120,977.329
o_proj,1136,977.009
o_proj,1152,977.392
o_proj,1168,1182.64
o_proj,1184,1182.71
o_proj,1200,1182.79
o_proj,1216,1182.75
o_proj,1232,1182.95
o_proj,1248,1182.26
o_proj,1264,1183.05
o_proj,1280,1182.99
o_proj,1296,1179.42
o_proj,1312,1179.32
o_proj,1328,1179.23
o_proj,1344,1179.32
o_proj,1360,1179.36
o_proj,1376,1180.01
o_proj,1392,1179.85
o_proj,1408,1179.75
o_proj,1424,1179.87
o_proj,1440,1179.63
o_proj,1456,1184.25
o_proj,1472,1184.63
o_proj,1488,1184.67
o_proj,1504,1185.11
o_proj,1520,1184.85
o_proj,1536,1184.63
o_proj,1552,1573.35
o_proj,1568,1573.58
o_proj,1584,1283.71
o_proj,1600,1284.26
o_proj,1616,1283.89
o_proj,1632,1284.34
o_proj,1648,1285.17
o_proj,1664,1364.14
o_proj,1680,1366.33
o_proj,1696,1366.08
o_proj,1712,1366.38
o_proj,1728,1366.51
o_proj,1744,1366.26
o_proj,1760,1366.25
o_proj,1776,1366.05
o_proj,1792,1366.09
o_proj,1808,1570.91
o_proj,1824,1570.95
o_proj,1840,1576.84
o_proj,1856,1576.69
o_proj,1872,1576.83
o_proj,1888,1576.71
o_proj,1904,1576.92
o_proj,1920,1577.19
o_proj,1936,1577.4
o_proj,1952,1577.43
o_proj,1968,1577.3
o_proj,1984,1577.7
o_proj,2000,1577.82
o_proj,2016,1577.58
o_proj,2032,1577.3
qkv_proj,1,89.9843
qkv_proj,2,95.008
qkv_proj,3,93.899
qkv_proj,4,93.771
qkv_proj,5,94.187
qkv_proj,6,94.0803
qkv_proj,7,94.518
qkv_proj,8,94.5393
qkv_proj,9,94.539
qkv_proj,10,94.4543
qkv_proj,11,94.8277
qkv_proj,12,94.7733
qkv_proj,13,94.9973
qkv_proj,14,94.9767
qkv_proj,15,95.2643
qkv_proj,16,95.6273
qkv_proj,20,113.536
qkv_proj,24,113.899
qkv_proj,28,113.686
qkv_proj,32,114.028
qkv_proj,36,114.422
qkv_proj,40,115.371
qkv_proj,44,115.552
qkv_proj,48,116.437
qkv_proj,52,117.024
qkv_proj,56,116.886
qkv_proj,60,117.452
qkv_proj,64,118.315
qkv_proj,80,205.1
qkv_proj,96,205.569
qkv_proj,112,205.494
qkv_proj,128,206.091
qkv_proj,144,400.919
qkv_proj,160,402.22
qkv_proj,176,402.05
qkv_proj,192,402.423
qkv_proj,208,399.287
qkv_proj,224,399.468
qkv_proj,240,399.714
qkv_proj,256,400.151
qkv_proj,272,426.018
qkv_proj,288,425.975
qkv_proj,304,426.914
qkv_proj,320,426.776
qkv_proj,336,499.085
qkv_proj,352,499.673
qkv_proj,368,500.28
qkv_proj,384,499.917
qkv_proj,400,609.913
qkv_proj,416,609.731
qkv_proj,432,610.456
qkv_proj,448,610.531
qkv_proj,464,791.12
qkv_proj,480,790.97
qkv_proj,496,791.461
qkv_proj,512,791.684
qkv_proj,528,791.205
qkv_proj,544,791.227
qkv_proj,560,791.343
qkv_proj,576,791.396
qkv_proj,592,791.183
qkv_proj,608,791.536
qkv_proj,624,791.813
qkv_proj,640,791.877
qkv_proj,656,815.428
qkv_proj,672,816.528
qkv_proj,688,893.541
qkv_proj,704,893.808
qkv_proj,720,893.008
qkv_proj,736,893.125
qkv_proj,752,893.403
qkv_proj,768,894.074
qkv_proj,784,989.861
qkv_proj,800,990.629
qkv_proj,816,989.67
qkv_proj,832,990.854
qkv_proj,848,990.832
qkv_proj,864,991.344
qkv_proj,880,991.974
qkv_proj,896,991.131
qkv_proj,912,1180.95
qkv_proj,928,1180.44
qkv_proj,944,1180.91
qkv_proj,960,1181.17
qkv_proj,976,1184.88
qkv_proj,992,1184.58
qkv_proj,1008,1184.91
qkv_proj,1024,1185.37
qkv_proj,1040,1574.66
qkv_proj,1056,1575.93
qkv_proj,1072,1575.38
qkv_proj,1088,1574.73
qkv_proj,1104,1575.01
qkv_proj,1120,1574.97
qkv_proj,1136,1575.5
qkv_proj,1152,1574.83
qkv_proj,1168,1577.13
qkv_proj,1184,1576.84
qkv_proj,1200,1576.86
qkv_proj,1216,1577.15
qkv_proj,1232,1576.63
qkv_proj,1248,1577.33
qkv_proj,1264,1577.18
qkv_proj,1280,1577.52
qkv_proj,1296,1580.24
qkv_proj,1312,1579.61
qkv_proj,1328,1580.92
qkv_proj,1344,1580.46
qkv_proj,1360,1580.64
qkv_proj,1376,1580.47
qkv_proj,1392,1580.54
qkv_proj,1408,1580.63
qkv_proj,1424,1695.42
qkv_proj,1440,1697.35
qkv_proj,1456,1967.56
qkv_proj,1472,1967.49
qkv_proj,1488,1967.54
qkv_proj,1504,1967.94
qkv_proj,1520,1968.01
qkv_proj,1536,1968.01
qkv_proj,1552,1970.37
qkv_proj,1568,1970.68
qkv_proj,1584,1980.35
qkv_proj,1600,1981.98
qkv_proj,1616,1980.23
qkv_proj,1632,1980.62
qkv_proj,1648,1980.97
qkv_proj,1664,1981.96
qkv_proj,1680,1982.42
qkv_proj,1696,1982.37
qkv_proj,1712,1980.93
qkv_proj,1728,1981.06
qkv_proj,1744,1980
qkv_proj,1760,1982.2
qkv_proj,1776,1982.54
qkv_proj,1792,1983.94
qkv_proj,1808,2141.43
qkv_proj,1824,2141.39
qkv_proj,1840,2360.89
qkv_proj,1856,2361.05
qkv_proj,1872,2361.03
qkv_proj,1888,2360.86
qkv_proj,1904,2360.86
qkv_proj,1920,2361.08
qkv_proj,1936,2362.44
qkv_proj,1952,2362.33
qkv_proj,1968,2363.31
qkv_proj,1984,2362.63
qkv_proj,2000,2363.42
qkv_proj,2016,2363.48
qkv_proj,2032,2363.25
