pc,n_label,skew_rate_label,kv_big_label,kp_label,alpha,n_samples
0,n<=128,sr<=15%,kvB<=1k,kp=0,0.0434,4
0,n<=128,sr<=40%,kvB<=1k,kp=0,0.0346,2
0,n<=128,sr<=5%,kvB<=1k,kp=0,0.0526,8
0,n<=128,sr<=70%,kvB<=1k,kp=0,-0.0156,2
0,n<=128,sr>70%,kvB<=1k,kp=0,-0.0615,4
0,n<=16,sr<=15%,kvB<=1k,kp=0,0.4297,4
0,n<=16,sr<=40%,kvB<=1k,kp=0,0.4836,4
0,n<=16,sr<=70%,kvB<=1k,kp=0,0.9337,2
0,n<=16,sr>70%,kvB<=1k,kp=0,0.8959,4
0,n<=2,sr<=70%,kvB<=1k,kp=0,0.0349,2
0,n<=256,sr<=15%,kvB<=1k,kp=0,0.0109,4
0,n<=256,sr<=40%,kvB<=1k,kp=0,-0.0063,2
0,n<=256,sr<=5%,kvB<=1k,kp=0,0.0112,8
0,n<=256,sr<=70%,kvB<=1k,kp=0,-0.018,2
0,n<=256,sr>70%,kvB<=1k,kp=0,0.014,4
0,n<=32,sr<=15%,kvB<=1k,kp=0,0.2912,6
0,n<=32,sr<=40%,kvB<=1k,kp=0,0.2893,2
0,n<=32,sr<=5%,kvB<=1k,kp=0,0.3311,2
0,n<=32,sr<=70%,kvB<=1k,kp=0,0.5255,2
0,n<=32,sr>70%,kvB<=1k,kp=0,0.8609,4
0,n<=4,sr<=40%,kvB<=1k,kp=0,0.1448,4
0,n<=4,sr<=70%,kvB<=1k,kp=0,-0.0244,2
0,n<=4,sr>70%,kvB<=1k,kp=0,0.0732,2
0,n<=64,sr<=15%,kvB<=1k,kp=0,0.1688,4
0,n<=64,sr<=40%,kvB<=1k,kp=0,0.1294,2
0,n<=64,sr<=5%,kvB<=1k,kp=0,0.1498,6
0,n<=64,sr<=70%,kvB<=1k,kp=0,0.1504,2
0,n<=64,sr>70%,kvB<=1k,kp=0,0.2165,4
0,n<=8,sr<=15%,kvB<=1k,kp=0,0.1621,2
0,n<=8,sr<=40%,kvB<=1k,kp=0,0.0418,4
0,n<=8,sr<=70%,kvB<=1k,kp=0,0.0251,2
0,n<=8,sr>70%,kvB<=1k,kp=0,0.785,4
16,n<=128,sr<=15%,kvB<=1k,kp<=1k,0.0425,4
16,n<=128,sr<=15%,kvB<=1k,kp<=512,0.0415,4
16,n<=128,sr<=15%,kvB<=1k,kp=0,0.0434,4
16,n<=128,sr<=40%,kvB<=1k,kp<=1k,0.0372,2
16,n<=128,sr<=40%,kvB<=1k,kp<=512,0.0297,2
16,n<=128,sr<=40%,kvB<=1k,kp=0,0.0254,2
16,n<=128,sr<=5%,kvB<=1k,kp<=1k,0.0533,8
16,n<=128,sr<=5%,kvB<=1k,kp<=512,0.0565,8
16,n<=128,sr<=5%,kvB<=1k,kp=0,0.0562,8
16,n<=128,sr<=70%,kvB<=1k,kp<=1k,-0.0084,2
16,n<=128,sr<=70%,kvB<=1k,kp<=512,-0.0181,2
16,n<=128,sr<=70%,kvB<=1k,kp=0,-0.0157,2
16,n<=128,sr>70%,kvB<=1k,kp<=1k,-0.0529,4
16,n<=128,sr>70%,kvB<=1k,kp<=512,-0.0476,4
16,n<=128,sr>70%,kvB<=1k,kp=0,-0.0594,4
16,n<=16,sr<=15%,kvB<=1k,kp<=1k,0.4214,4
16,n<=16,sr<=15%,kvB<=1k,kp<=512,0.4153,4
16,n<=16,sr<=15%,kvB<=1k,kp=0,0.4276,4
16,n<=16,sr<=40%,kvB<=1k,kp<=1k,0.4881,4
16,n<=16,sr<=40%,kvB<=1k,kp<=512,0.4781,4
16,n<=16,sr<=40%,kvB<=1k,kp=0,0.4822,4
16,n<=16,sr<=70%,kvB<=1k,kp<=1k,0.8986,2
16,n<=16,sr<=70%,kvB<=1k,kp<=512,0.8934,2
16,n<=16,sr<=70%,kvB<=1k,kp=0,0.9028,2
16,n<=16,sr>70%,kvB<=1k,kp<=1k,0.8917,4
16,n<=16,sr>70%,kvB<=1k,kp<=512,0.8694,4
16,n<=16,sr>70%,kvB<=1k,kp=0,0.8783,4
16,n<=2,sr<=70%,kvB<=1k,kp<=1k,0.061,2
16,n<=2,sr<=70%,kvB<=1k,kp<=512,0.0111,2
16,n<=2,sr<=70%,kvB<=1k,kp=0,0.0389,2
16,n<=32,sr<=15%,kvB<=1k,kp<=1k,0.353,6
16,n<=32,sr<=15%,kvB<=1k,kp<=512,0.3447,6
16,n<=32,sr<=15%,kvB<=1k,kp=0,0.3089,6
16,n<=32,sr<=40%,kvB<=1k,kp<=1k,0.3045,2
16,n<=32,sr<=40%,kvB<=1k,kp<=512,0.3093,2
16,n<=32,sr<=40%,kvB<=1k,kp=0,0.2788,2
16,n<=32,sr<=5%,kvB<=1k,kp<=1k,0.31,2
16,n<=32,sr<=5%,kvB<=1k,kp<=512,0.2929,2
16,n<=32,sr<=5%,kvB<=1k,kp=0,0.3434,2
16,n<=32,sr<=70%,kvB<=1k,kp<=1k,0.4649,2
16,n<=32,sr<=70%,kvB<=1k,kp<=512,0.498,2
16,n<=32,sr<=70%,kvB<=1k,kp=0,0.5518,2
16,n<=32,sr>70%,kvB<=1k,kp<=1k,0.8949,4
16,n<=32,sr>70%,kvB<=1k,kp<=512,0.8748,4
16,n<=32,sr>70%,kvB<=1k,kp=0,0.8599,4
16,n<=4,sr<=40%,kvB<=1k,kp<=1k,0.1932,2
16,n<=4,sr<=40%,kvB<=1k,kp<=512,0.1714,2
16,n<=4,sr<=40%,kvB<=1k,kp=0,0.1616,5
16,n<=4,sr<=70%,kvB<=1k,kp<=1k,-0.0101,2
16,n<=4,sr<=70%,kvB<=1k,kp<=512,0.0083,2
16,n<=4,sr<=70%,kvB<=1k,kp=0,0.081,4
16,n<=4,sr>70%,kvB<=1k,kp<=1k,0.055,2
16,n<=4,sr>70%,kvB<=1k,kp<=512,0.0386,2
16,n<=4,sr>70%,kvB<=1k,kp=0,0.008,2
16,n<=64,sr<=15%,kvB<=1k,kp<=1k,0.1601,4
16,n<=64,sr<=15%,kvB<=1k,kp<=512,0.1569,4
16,n<=64,sr<=15%,kvB<=1k,kp=0,0.1589,4
16,n<=64,sr<=40%,kvB<=1k,kp<=1k,0.1237,2
16,n<=64,sr<=40%,kvB<=1k,kp<=512,0.1416,2
16,n<=64,sr<=40%,kvB<=1k,kp=0,0.1227,2
16,n<=64,sr<=5%,kvB<=1k,kp<=1k,0.1517,6
16,n<=64,sr<=5%,kvB<=1k,kp<=512,0.148,6
16,n<=64,sr<=5%,kvB<=1k,kp=0,0.1595,6
16,n<=64,sr<=70%,kvB<=1k,kp<=1k,0.1879,2
16,n<=64,sr<=70%,kvB<=1k,kp<=512,0.1918,2
16,n<=64,sr<=70%,kvB<=1k,kp=0,0.1719,2
16,n<=64,sr>70%,kvB<=1k,kp<=1k,0.2284,4
16,n<=64,sr>70%,kvB<=1k,kp<=512,0.1777,4
16,n<=64,sr>70%,kvB<=1k,kp=0,0.2011,4
16,n<=8,sr<=15%,kvB<=1k,kp<=1k,0.1477,2
16,n<=8,sr<=15%,kvB<=1k,kp<=512,0.1448,2
16,n<=8,sr<=15%,kvB<=1k,kp=0,0.1027,5
16,n<=8,sr<=40%,kvB<=1k,kp<=1k,0.0631,4
16,n<=8,sr<=40%,kvB<=1k,kp<=512,0.049,4
16,n<=8,sr<=40%,kvB<=1k,kp=0,0.0604,4
16,n<=8,sr<=70%,kvB<=1k,kp<=1k,0.0466,2
16,n<=8,sr<=70%,kvB<=1k,kp<=512,0.0151,2
16,n<=8,sr<=70%,kvB<=1k,kp=0,0.0487,2
16,n<=8,sr>70%,kvB<=1k,kp<=1k,0.8701,4
16,n<=8,sr>70%,kvB<=1k,kp<=512,0.8437,4
16,n<=8,sr>70%,kvB<=1k,kp=0,0.926,4
32,n<=128,sr<=15%,kvB<=1k,kp<=1k,0.043,4
32,n<=128,sr<=15%,kvB<=1k,kp<=512,0.042,4
32,n<=128,sr<=15%,kvB<=1k,kp=0,0.0428,4
32,n<=128,sr<=40%,kvB<=1k,kp<=1k,0.0254,2
32,n<=128,sr<=40%,kvB<=1k,kp<=512,0.0339,2
32,n<=128,sr<=40%,kvB<=1k,kp=0,0.0329,2
32,n<=128,sr<=5%,kvB<=1k,kp<=1k,0.0533,8
32,n<=128,sr<=5%,kvB<=1k,kp<=512,0.0538,8
32,n<=128,sr<=5%,kvB<=1k,kp=0,0.0554,8
32,n<=128,sr<=70%,kvB<=1k,kp<=1k,-0.0192,2
32,n<=128,sr<=70%,kvB<=1k,kp<=512,-0.0147,2
32,n<=128,sr<=70%,kvB<=1k,kp=0,-0.0159,2
32,n<=128,sr>70%,kvB<=1k,kp<=1k,-0.0649,4
32,n<=128,sr>70%,kvB<=1k,kp<=512,-0.0586,4
32,n<=128,sr>70%,kvB<=1k,kp=0,-0.0627,4
32,n<=16,sr<=15%,kvB<=1k,kp<=1k,0.4269,4
32,n<=16,sr<=15%,kvB<=1k,kp<=512,0.4172,4
32,n<=16,sr<=15%,kvB<=1k,kp=0,0.4232,4
32,n<=16,sr<=40%,kvB<=1k,kp<=1k,0.4839,4
32,n<=16,sr<=40%,kvB<=1k,kp<=512,0.4803,4
32,n<=16,sr<=40%,kvB<=1k,kp=0,0.48,4
32,n<=16,sr<=70%,kvB<=1k,kp<=1k,0.8795,2
32,n<=16,sr<=70%,kvB<=1k,kp<=512,0.9028,2
32,n<=16,sr<=70%,kvB<=1k,kp=0,0.9047,2
32,n<=16,sr>70%,kvB<=1k,kp<=1k,0.8778,4
32,n<=16,sr>70%,kvB<=1k,kp<=512,0.8551,4
32,n<=16,sr>70%,kvB<=1k,kp=0,0.8631,4
32,n<=2,sr<=70%,kvB<=1k,kp<=1k,-0.0489,2
32,n<=2,sr<=70%,kvB<=1k,kp<=512,0.0034,2
32,n<=2,sr<=70%,kvB<=1k,kp=0,0.0571,2
32,n<=32,sr<=15%,kvB<=1k,kp<=1k,0.3424,6
32,n<=32,sr<=15%,kvB<=1k,kp<=512,0.3409,6
32,n<=32,sr<=15%,kvB<=1k,kp=0,0.3469,6
32,n<=32,sr<=40%,kvB<=1k,kp<=1k,0.3074,2
32,n<=32,sr<=40%,kvB<=1k,kp<=512,0.3053,2
32,n<=32,sr<=40%,kvB<=1k,kp=0,0.3114,2
32,n<=32,sr<=5%,kvB<=1k,kp<=1k,0.3377,2
32,n<=32,sr<=5%,kvB<=1k,kp<=512,0.2934,2
32,n<=32,sr<=5%,kvB<=1k,kp=0,0.2962,2
32,n<=32,sr<=70%,kvB<=1k,kp<=1k,0.5649,2
32,n<=32,sr<=70%,kvB<=1k,kp<=512,0.6388,2
32,n<=32,sr<=70%,kvB<=1k,kp=0,0.4771,2
32,n<=32,sr>70%,kvB<=1k,kp<=1k,0.8783,4
32,n<=32,sr>70%,kvB<=1k,kp<=512,0.8726,4
32,n<=32,sr>70%,kvB<=1k,kp=0,0.8664,4
32,n<=4,sr<=40%,kvB<=1k,kp<=1k,0.1794,2
32,n<=4,sr<=40%,kvB<=1k,kp<=512,0.1779,2
32,n<=4,sr<=40%,kvB<=1k,kp=0,0.2034,2
32,n<=4,sr<=70%,kvB<=1k,kp<=1k,-0.0074,2
32,n<=4,sr<=70%,kvB<=1k,kp<=512,0.0216,2
32,n<=4,sr<=70%,kvB<=1k,kp=0,0.0079,2
32,n<=4,sr>70%,kvB<=1k,kp<=1k,0.0402,2
32,n<=4,sr>70%,kvB<=1k,kp<=512,0.1469,2
32,n<=4,sr>70%,kvB<=1k,kp=0,-0.0171,2
32,n<=64,sr<=15%,kvB<=1k,kp<=1k,0.1661,4
32,n<=64,sr<=15%,kvB<=1k,kp<=512,0.1631,4
32,n<=64,sr<=15%,kvB<=1k,kp=0,0.1536,4
32,n<=64,sr<=40%,kvB<=1k,kp<=1k,0.1073,2
32,n<=64,sr<=40%,kvB<=1k,kp<=512,0.1244,2
32,n<=64,sr<=40%,kvB<=1k,kp=0,0.1319,2
32,n<=64,sr<=5%,kvB<=1k,kp<=1k,0.1486,6
32,n<=64,sr<=5%,kvB<=1k,kp<=512,0.1578,6
32,n<=64,sr<=5%,kvB<=1k,kp=0,0.1492,6
32,n<=64,sr<=70%,kvB<=1k,kp<=1k,0.1672,2
32,n<=64,sr<=70%,kvB<=1k,kp<=512,0.1628,2
32,n<=64,sr<=70%,kvB<=1k,kp=0,0.1588,2
32,n<=64,sr>70%,kvB<=1k,kp<=1k,0.1804,4
32,n<=64,sr>70%,kvB<=1k,kp<=512,0.2208,4
32,n<=64,sr>70%,kvB<=1k,kp=0,0.2139,4
32,n<=8,sr<=15%,kvB<=1k,kp<=1k,0.1284,2
32,n<=8,sr<=15%,kvB<=1k,kp<=512,0.1392,2
32,n<=8,sr<=15%,kvB<=1k,kp=0,0.1637,2
32,n<=8,sr<=40%,kvB<=1k,kp<=1k,0.041,4
32,n<=8,sr<=40%,kvB<=1k,kp<=512,0.0351,4
32,n<=8,sr<=40%,kvB<=1k,kp=0,0.0618,4
32,n<=8,sr<=70%,kvB<=1k,kp<=1k,0.0388,2
32,n<=8,sr<=70%,kvB<=1k,kp<=512,0.0427,2
32,n<=8,sr<=70%,kvB<=1k,kp=0,0.0257,2
32,n<=8,sr>70%,kvB<=1k,kp<=1k,0.8173,4
32,n<=8,sr>70%,kvB<=1k,kp<=512,0.7663,4
32,n<=8,sr>70%,kvB<=1k,kp=0,0.8521,4
64,n<=128,sr<=15%,kvB<=1k,kp<=1k,0.0423,4
64,n<=128,sr<=15%,kvB<=1k,kp<=512,0.0433,4
64,n<=128,sr<=15%,kvB<=1k,kp=0,0.043,4
64,n<=128,sr<=40%,kvB<=1k,kp<=1k,0.034,2
64,n<=128,sr<=40%,kvB<=1k,kp<=512,0.0281,2
64,n<=128,sr<=40%,kvB<=1k,kp=0,0.0321,2
64,n<=128,sr<=5%,kvB<=1k,kp<=1k,0.0521,8
64,n<=128,sr<=5%,kvB<=1k,kp<=512,0.0531,8
64,n<=128,sr<=5%,kvB<=1k,kp=0,0.0555,8
64,n<=128,sr<=70%,kvB<=1k,kp<=1k,-0.0165,2
64,n<=128,sr<=70%,kvB<=1k,kp<=512,-0.015,2
64,n<=128,sr<=70%,kvB<=1k,kp=0,-0.0131,2
64,n<=128,sr>70%,kvB<=1k,kp<=1k,-0.0462,4
64,n<=128,sr>70%,kvB<=1k,kp<=512,-0.0582,4
64,n<=128,sr>70%,kvB<=1k,kp=0,-0.0653,4
64,n<=16,sr<=15%,kvB<=1k,kp<=1k,0.435,4
64,n<=16,sr<=15%,kvB<=1k,kp<=512,0.4209,4
64,n<=16,sr<=15%,kvB<=1k,kp=0,0.4313,4
64,n<=16,sr<=40%,kvB<=1k,kp<=1k,0.4943,4
64,n<=16,sr<=40%,kvB<=1k,kp<=512,0.4796,4
64,n<=16,sr<=40%,kvB<=1k,kp=0,0.4769,4
64,n<=16,sr<=70%,kvB<=1k,kp<=1k,0.887,2
64,n<=16,sr<=70%,kvB<=1k,kp<=512,0.9081,2
64,n<=16,sr<=70%,kvB<=1k,kp=0,0.9194,2
64,n<=16,sr>70%,kvB<=1k,kp<=1k,0.9098,4
64,n<=16,sr>70%,kvB<=1k,kp<=512,0.8971,4
64,n<=16,sr>70%,kvB<=1k,kp=0,0.8955,4
64,n<=2,sr<=70%,kvB<=1k,kp<=1k,0.0009,2
64,n<=2,sr<=70%,kvB<=1k,kp<=512,0.0317,2
64,n<=2,sr<=70%,kvB<=1k,kp=0,0.0202,2
64,n<=32,sr<=15%,kvB<=1k,kp<=1k,0.3072,6
64,n<=32,sr<=15%,kvB<=1k,kp<=512,0.3517,6
64,n<=32,sr<=15%,kvB<=1k,kp=0,0.3231,6
64,n<=32,sr<=40%,kvB<=1k,kp<=1k,0.2933,2
64,n<=32,sr<=40%,kvB<=1k,kp<=512,0.3043,2
64,n<=32,sr<=40%,kvB<=1k,kp=0,0.2971,2
64,n<=32,sr<=5%,kvB<=1k,kp<=1k,0.3202,2
64,n<=32,sr<=5%,kvB<=1k,kp<=512,0.3489,2
64,n<=32,sr<=5%,kvB<=1k,kp=0,0.3005,2
64,n<=32,sr<=70%,kvB<=1k,kp<=1k,0.4331,2
64,n<=32,sr<=70%,kvB<=1k,kp<=512,0.4725,2
64,n<=32,sr<=70%,kvB<=1k,kp=0,0.4761,2
64,n<=32,sr>70%,kvB<=1k,kp<=1k,0.8897,4
64,n<=32,sr>70%,kvB<=1k,kp<=512,0.8556,4
64,n<=32,sr>70%,kvB<=1k,kp=0,0.8645,4
64,n<=4,sr<=40%,kvB<=1k,kp<=1k,0.1594,2
64,n<=4,sr<=40%,kvB<=1k,kp<=512,0.1748,2
64,n<=4,sr<=40%,kvB<=1k,kp=0,0.1889,2
64,n<=4,sr<=70%,kvB<=1k,kp<=1k,-0.0049,2
64,n<=4,sr<=70%,kvB<=1k,kp<=512,-0.0035,2
64,n<=4,sr<=70%,kvB<=1k,kp=0,-0.0297,2
64,n<=4,sr>70%,kvB<=1k,kp<=1k,0.1096,2
64,n<=4,sr>70%,kvB<=1k,kp<=512,0.0105,2
64,n<=4,sr>70%,kvB<=1k,kp=0,-0.0057,2
64,n<=64,sr<=15%,kvB<=1k,kp<=1k,0.1688,4
64,n<=64,sr<=15%,kvB<=1k,kp<=512,0.1481,4
64,n<=64,sr<=15%,kvB<=1k,kp=0,0.1751,4
64,n<=64,sr<=40%,kvB<=1k,kp<=1k,0.1344,2
64,n<=64,sr<=40%,kvB<=1k,kp<=512,0.1108,2
64,n<=64,sr<=40%,kvB<=1k,kp=0,0.1238,2
64,n<=64,sr<=5%,kvB<=1k,kp<=1k,0.1513,6
64,n<=64,sr<=5%,kvB<=1k,kp<=512,0.159,6
64,n<=64,sr<=5%,kvB<=1k,kp=0,0.1437,6
64,n<=64,sr<=70%,kvB<=1k,kp<=1k,0.1529,2
64,n<=64,sr<=70%,kvB<=1k,kp<=512,0.168,2
64,n<=64,sr<=70%,kvB<=1k,kp=0,0.1676,2
64,n<=64,sr>70%,kvB<=1k,kp<=1k,0.2282,4
64,n<=64,sr>70%,kvB<=1k,kp<=512,0.1646,4
64,n<=64,sr>70%,kvB<=1k,kp=0,0.2399,4
64,n<=8,sr<=15%,kvB<=1k,kp<=1k,0.1082,2
64,n<=8,sr<=15%,kvB<=1k,kp<=512,0.1093,2
64,n<=8,sr<=15%,kvB<=1k,kp=0,0.1263,2
64,n<=8,sr<=40%,kvB<=1k,kp<=1k,0.0193,4
64,n<=8,sr<=40%,kvB<=1k,kp<=512,0.0172,4
64,n<=8,sr<=40%,kvB<=1k,kp=0,0.0301,4
64,n<=8,sr<=70%,kvB<=1k,kp<=1k,-0.0064,2
64,n<=8,sr<=70%,kvB<=1k,kp<=512,0.009,2
64,n<=8,sr<=70%,kvB<=1k,kp=0,0.0016,2
64,n<=8,sr>70%,kvB<=1k,kp<=1k,0.799,4
64,n<=8,sr>70%,kvB<=1k,kp<=512,0.8153,4
64,n<=8,sr>70%,kvB<=1k,kp=0,0.8687,4
128,n<=128,sr<=15%,kvB<=1k,kp<=1k,0.0404,4
128,n<=128,sr<=15%,kvB<=1k,kp<=512,0.0412,4
128,n<=128,sr<=15%,kvB<=1k,kp=0,0.0427,4
128,n<=128,sr<=40%,kvB<=1k,kp<=1k,0.0293,2
128,n<=128,sr<=40%,kvB<=1k,kp<=512,0.033,2
128,n<=128,sr<=40%,kvB<=1k,kp=0,0.0333,2
128,n<=128,sr<=5%,kvB<=1k,kp<=1k,0.0548,8
128,n<=128,sr<=5%,kvB<=1k,kp<=512,0.0549,8
128,n<=128,sr<=5%,kvB<=1k,kp=0,0.0537,8
128,n<=128,sr<=70%,kvB<=1k,kp<=1k,-0.0133,2
128,n<=128,sr<=70%,kvB<=1k,kp<=512,-0.0193,2
128,n<=128,sr<=70%,kvB<=1k,kp=0,-0.0132,2
128,n<=128,sr>70%,kvB<=1k,kp<=1k,-0.0389,4
128,n<=128,sr>70%,kvB<=1k,kp<=512,-0.051,4
128,n<=128,sr>70%,kvB<=1k,kp=0,-0.0469,4
128,n<=16,sr<=15%,kvB<=1k,kp<=1k,0.4377,4
128,n<=16,sr<=15%,kvB<=1k,kp<=512,0.4323,4
128,n<=16,sr<=15%,kvB<=1k,kp=0,0.4282,4
128,n<=16,sr<=40%,kvB<=1k,kp<=1k,0.4951,4
128,n<=16,sr<=40%,kvB<=1k,kp<=512,0.491,4
128,n<=16,sr<=40%,kvB<=1k,kp=0,0.4891,4
128,n<=16,sr<=70%,kvB<=1k,kp<=1k,0.9083,2
128,n<=16,sr<=70%,kvB<=1k,kp<=512,0.9227,2
128,n<=16,sr<=70%,kvB<=1k,kp=0,0.9017,2
128,n<=16,sr>70%,kvB<=1k,kp<=1k,0.9164,4
128,n<=16,sr>70%,kvB<=1k,kp<=512,0.8798,4
128,n<=16,sr>70%,kvB<=1k,kp=0,0.8999,4
128,n<=2,sr<=70%,kvB<=1k,kp<=1k,0.0818,2
128,n<=2,sr<=70%,kvB<=1k,kp<=512,0.0217,2
128,n<=2,sr<=70%,kvB<=1k,kp=0,0.0148,2
128,n<=32,sr<=15%,kvB<=1k,kp<=1k,0.336,6
128,n<=32,sr<=15%,kvB<=1k,kp<=512,0.3104,6
128,n<=32,sr<=15%,kvB<=1k,kp=0,0.3325,6
128,n<=32,sr<=40%,kvB<=1k,kp<=1k,0.3054,2
128,n<=32,sr<=40%,kvB<=1k,kp<=512,0.2978,2
128,n<=32,sr<=40%,kvB<=1k,kp=0,0.2962,2
128,n<=32,sr<=5%,kvB<=1k,kp<=1k,0.2943,2
128,n<=32,sr<=5%,kvB<=1k,kp<=512,0.3196,2
128,n<=32,sr<=5%,kvB<=1k,kp=0,0.3251,2
128,n<=32,sr<=70%,kvB<=1k,kp<=1k,0.4813,2
128,n<=32,sr<=70%,kvB<=1k,kp<=512,0.5459,2
128,n<=32,sr<=70%,kvB<=1k,kp=0,0.437,2
128,n<=32,sr>70%,kvB<=1k,kp<=1k,0.8734,4
128,n<=32,sr>70%,kvB<=1k,kp<=512,0.8806,4
128,n<=32,sr>70%,kvB<=1k,kp=0,0.885,4
128,n<=4,sr<=40%,kvB<=1k,kp<=1k,0.1649,2
128,n<=4,sr<=40%,kvB<=1k,kp<=512,0.1528,2
128,n<=4,sr<=40%,kvB<=1k,kp=0,0.1867,2
128,n<=4,sr<=70%,kvB<=1k,kp<=1k,0.0359,2
128,n<=4,sr<=70%,kvB<=1k,kp<=512,-0.0066,2
128,n<=4,sr<=70%,kvB<=1k,kp=0,0.0462,2
128,n<=4,sr>70%,kvB<=1k,kp<=1k,0.0956,2
128,n<=4,sr>70%,kvB<=1k,kp<=512,0.066,2
128,n<=4,sr>70%,kvB<=1k,kp=0,0.1035,2
128,n<=64,sr<=15%,kvB<=1k,kp<=1k,0.1531,4
128,n<=64,sr<=15%,kvB<=1k,kp<=512,0.147,4
128,n<=64,sr<=15%,kvB<=1k,kp=0,0.1661,4
128,n<=64,sr<=40%,kvB<=1k,kp<=1k,0.128,2
128,n<=64,sr<=40%,kvB<=1k,kp<=512,0.1115,2
128,n<=64,sr<=40%,kvB<=1k,kp=0,0.112,2
128,n<=64,sr<=5%,kvB<=1k,kp<=1k,0.1421,6
128,n<=64,sr<=5%,kvB<=1k,kp<=512,0.1464,6
128,n<=64,sr<=5%,kvB<=1k,kp=0,0.1527,6
128,n<=64,sr<=70%,kvB<=1k,kp<=1k,0.1796,2
128,n<=64,sr<=70%,kvB<=1k,kp<=512,0.1564,2
128,n<=64,sr<=70%,kvB<=1k,kp=0,0.1715,2
128,n<=64,sr>70%,kvB<=1k,kp<=1k,0.1741,4
128,n<=64,sr>70%,kvB<=1k,kp<=512,0.1734,4
128,n<=64,sr>70%,kvB<=1k,kp=0,0.1903,4
128,n<=8,sr<=15%,kvB<=1k,kp<=1k,0.1102,2
128,n<=8,sr<=15%,kvB<=1k,kp<=512,0.1271,2
128,n<=8,sr<=15%,kvB<=1k,kp=0,0.123,2
128,n<=8,sr<=40%,kvB<=1k,kp<=1k,0.0222,4
128,n<=8,sr<=40%,kvB<=1k,kp<=512,0.0269,4
128,n<=8,sr<=40%,kvB<=1k,kp=0,0.0316,4
128,n<=8,sr<=70%,kvB<=1k,kp<=1k,0.0077,2
128,n<=8,sr<=70%,kvB<=1k,kp<=512,0.0046,2
128,n<=8,sr<=70%,kvB<=1k,kp=0,0.0182,2
128,n<=8,sr>70%,kvB<=1k,kp<=1k,0.6557,4
128,n<=8,sr>70%,kvB<=1k,kp<=512,0.701,4
128,n<=8,sr>70%,kvB<=1k,kp=0,0.762,4
256,n<=128,sr<=15%,kvB<=1k,kp<=1k,0.0417,4
256,n<=128,sr<=15%,kvB<=1k,kp<=512,0.0405,4
256,n<=128,sr<=15%,kvB<=1k,kp=0,0.0428,4
256,n<=128,sr<=40%,kvB<=1k,kp<=1k,0.0332,2
256,n<=128,sr<=40%,kvB<=1k,kp<=512,0.0209,2
256,n<=128,sr<=40%,kvB<=1k,kp=0,0.0289,2
256,n<=128,sr<=5%,kvB<=1k,kp<=1k,0.0526,8
256,n<=128,sr<=5%,kvB<=1k,kp<=512,0.0531,8
256,n<=128,sr<=5%,kvB<=1k,kp=0,0.052,8
256,n<=128,sr<=70%,kvB<=1k,kp<=1k,-0.0201,2
256,n<=128,sr<=70%,kvB<=1k,kp<=512,-0.0275,2
256,n<=128,sr<=70%,kvB<=1k,kp=0,-0.0231,2
256,n<=128,sr>70%,kvB<=1k,kp<=1k,-0.0754,4
256,n<=128,sr>70%,kvB<=1k,kp<=512,-0.0671,4
256,n<=128,sr>70%,kvB<=1k,kp=0,-0.0548,4
256,n<=16,sr<=15%,kvB<=1k,kp<=1k,0.4388,4
256,n<=16,sr<=15%,kvB<=1k,kp<=512,0.4385,4
256,n<=16,sr<=15%,kvB<=1k,kp=0,0.4326,4
256,n<=16,sr<=40%,kvB<=1k,kp<=1k,0.5083,4
256,n<=16,sr<=40%,kvB<=1k,kp<=512,0.5059,4
256,n<=16,sr<=40%,kvB<=1k,kp=0,0.495,4
256,n<=16,sr<=70%,kvB<=1k,kp<=1k,0.9047,2
256,n<=16,sr<=70%,kvB<=1k,kp<=512,0.9162,2
256,n<=16,sr<=70%,kvB<=1k,kp=0,0.9174,2
256,n<=16,sr>70%,kvB<=1k,kp<=1k,0.8998,4
256,n<=16,sr>70%,kvB<=1k,kp<=512,0.8856,4
256,n<=16,sr>70%,kvB<=1k,kp=0,0.9305,4
256,n<=2,sr<=70%,kvB<=1k,kp<=1k,0.0313,2
256,n<=2,sr<=70%,kvB<=1k,kp<=512,-0.1056,2
256,n<=2,sr<=70%,kvB<=1k,kp=0,-0.0068,2
256,n<=32,sr<=15%,kvB<=1k,kp<=1k,0.3406,6
256,n<=32,sr<=15%,kvB<=1k,kp<=512,0.3352,6
256,n<=32,sr<=15%,kvB<=1k,kp=0,0.3214,6
256,n<=32,sr<=40%,kvB<=1k,kp<=1k,0.2879,2
256,n<=32,sr<=40%,kvB<=1k,kp<=512,0.3047,2
256,n<=32,sr<=40%,kvB<=1k,kp=0,0.3016,2
256,n<=32,sr<=5%,kvB<=1k,kp<=1k,0.2952,2
256,n<=32,sr<=5%,kvB<=1k,kp<=512,0.3565,2
256,n<=32,sr<=5%,kvB<=1k,kp=0,0.3284,2
256,n<=32,sr<=70%,kvB<=1k,kp<=1k,0.5087,2
256,n<=32,sr<=70%,kvB<=1k,kp<=512,0.433,2
256,n<=32,sr<=70%,kvB<=1k,kp=0,0.5622,2
256,n<=32,sr>70%,kvB<=1k,kp<=1k,0.8518,4
256,n<=32,sr>70%,kvB<=1k,kp<=512,0.8584,4
256,n<=32,sr>70%,kvB<=1k,kp=0,0.8638,4
256,n<=4,sr<=40%,kvB<=1k,kp<=1k,0.1587,2
256,n<=4,sr<=40%,kvB<=1k,kp<=512,0.1884,2
256,n<=4,sr<=40%,kvB<=1k,kp=0,0.1533,2
256,n<=4,sr<=70%,kvB<=1k,kp<=1k,0.0061,2
256,n<=4,sr<=70%,kvB<=1k,kp<=512,0.0414,2
256,n<=4,sr<=70%,kvB<=1k,kp=0,0.0068,2
256,n<=4,sr>70%,kvB<=1k,kp<=1k,0.0719,2
256,n<=4,sr>70%,kvB<=1k,kp<=512,0.0501,2
256,n<=4,sr>70%,kvB<=1k,kp=0,0.0728,2
256,n<=64,sr<=15%,kvB<=1k,kp<=1k,0.1551,4
256,n<=64,sr<=15%,kvB<=1k,kp<=512,0.1438,4
256,n<=64,sr<=15%,kvB<=1k,kp=0,0.1608,4
256,n<=64,sr<=40%,kvB<=1k,kp<=1k,0.1094,2
256,n<=64,sr<=40%,kvB<=1k,kp<=512,0.122,2
256,n<=64,sr<=40%,kvB<=1k,kp=0,0.1121,2
256,n<=64,sr<=5%,kvB<=1k,kp<=1k,0.1487,6
256,n<=64,sr<=5%,kvB<=1k,kp<=512,0.1551,6
256,n<=64,sr<=5%,kvB<=1k,kp=0,0.1438,6
256,n<=64,sr<=70%,kvB<=1k,kp<=1k,0.1605,2
256,n<=64,sr<=70%,kvB<=1k,kp<=512,0.1643,2
256,n<=64,sr<=70%,kvB<=1k,kp=0,0.1823,2
256,n<=64,sr>70%,kvB<=1k,kp<=1k,0.1953,4
256,n<=64,sr>70%,kvB<=1k,kp<=512,0.1683,4
256,n<=64,sr>70%,kvB<=1k,kp=0,0.1928,4
256,n<=8,sr<=15%,kvB<=1k,kp<=1k,0.1164,2
256,n<=8,sr<=15%,kvB<=1k,kp<=512,0.108,2
256,n<=8,sr<=15%,kvB<=1k,kp=0,0.1297,2
256,n<=8,sr<=40%,kvB<=1k,kp<=1k,0.033,4
256,n<=8,sr<=40%,kvB<=1k,kp<=512,0.0198,4
256,n<=8,sr<=40%,kvB<=1k,kp=0,0.026,4
256,n<=8,sr<=70%,kvB<=1k,kp<=1k,0.0225,2
256,n<=8,sr<=70%,kvB<=1k,kp<=512,0.0116,2
256,n<=8,sr<=70%,kvB<=1k,kp=0,-0.0284,2
256,n<=8,sr>70%,kvB<=1k,kp<=1k,0.6933,4
256,n<=8,sr>70%,kvB<=1k,kp<=512,0.721,4
256,n<=8,sr>70%,kvB<=1k,kp=0,0.7157,4
512,n<=128,sr<=15%,kvB<=1k,kp<=1k,0.0429,4
512,n<=128,sr<=15%,kvB<=1k,kp<=512,0.0428,4
512,n<=128,sr<=15%,kvB<=1k,kp=0,0.0431,4
512,n<=128,sr<=40%,kvB<=1k,kp<=1k,0.0261,2
512,n<=128,sr<=40%,kvB<=1k,kp<=512,0.0285,2
512,n<=128,sr<=40%,kvB<=1k,kp=0,0.0339,2
512,n<=128,sr<=5%,kvB<=1k,kp<=1k,0.0556,8
512,n<=128,sr<=5%,kvB<=1k,kp<=512,0.0559,8
512,n<=128,sr<=5%,kvB<=1k,kp=0,0.0537,8
512,n<=128,sr<=70%,kvB<=1k,kp<=1k,-0.0204,2
512,n<=128,sr<=70%,kvB<=1k,kp<=512,-0.0133,2
512,n<=128,sr<=70%,kvB<=1k,kp=0,-0.0173,2
512,n<=128,sr>70%,kvB<=1k,kp<=1k,-0.0485,4
512,n<=128,sr>70%,kvB<=1k,kp<=512,-0.0545,4
512,n<=128,sr>70%,kvB<=1k,kp=0,-0.043,4
512,n<=16,sr<=15%,kvB<=1k,kp<=1k,0.4217,4
512,n<=16,sr<=15%,kvB<=1k,kp<=512,0.4353,4
512,n<=16,sr<=15%,kvB<=1k,kp=0,0.4283,4
512,n<=16,sr<=40%,kvB<=1k,kp<=1k,0.493,4
512,n<=16,sr<=40%,kvB<=1k,kp<=512,0.5023,4
512,n<=16,sr<=40%,kvB<=1k,kp=0,0.4868,4
512,n<=16,sr<=70%,kvB<=1k,kp<=1k,0.9081,2
512,n<=16,sr<=70%,kvB<=1k,kp<=512,0.912,2
512,n<=16,sr<=70%,kvB<=1k,kp=0,0.8954,2
512,n<=16,sr>70%,kvB<=1k,kp<=1k,0.8416,4
512,n<=16,sr>70%,kvB<=1k,kp<=512,0.8939,4
512,n<=16,sr>70%,kvB<=1k,kp=0,0.8923,4
512,n<=2,sr<=70%,kvB<=1k,kp<=1k,-0.0808,2
512,n<=2,sr<=70%,kvB<=1k,kp<=512,0.0211,2
512,n<=2,sr<=70%,kvB<=1k,kp=0,-0.0242,2
512,n<=32,sr<=15%,kvB<=1k,kp<=1k,0.3213,6
512,n<=32,sr<=15%,kvB<=1k,kp<=512,0.3498,6
512,n<=32,sr<=15%,kvB<=1k,kp=0,0.3214,6
512,n<=32,sr<=40%,kvB<=1k,kp<=1k,0.3206,2
512,n<=32,sr<=40%,kvB<=1k,kp<=512,0.3179,2
512,n<=32,sr<=40%,kvB<=1k,kp=0,0.3114,2
512,n<=32,sr<=5%,kvB<=1k,kp<=1k,0.3439,2
512,n<=32,sr<=5%,kvB<=1k,kp<=512,0.3064,2
512,n<=32,sr<=5%,kvB<=1k,kp=0,0.2963,2
512,n<=32,sr<=70%,kvB<=1k,kp<=1k,0.5293,2
512,n<=32,sr<=70%,kvB<=1k,kp<=512,0.5246,2
512,n<=32,sr<=70%,kvB<=1k,kp=0,0.4928,2
512,n<=32,sr>70%,kvB<=1k,kp<=1k,0.8557,4
512,n<=32,sr>70%,kvB<=1k,kp<=512,0.8657,4
512,n<=32,sr>70%,kvB<=1k,kp=0,0.8784,4
512,n<=4,sr<=40%,kvB<=1k,kp<=1k,0.1514,2
512,n<=4,sr<=40%,kvB<=1k,kp<=512,0.174,2
512,n<=4,sr<=40%,kvB<=1k,kp=0,0.1863,2
512,n<=4,sr<=70%,kvB<=1k,kp<=1k,0.0299,2
512,n<=4,sr<=70%,kvB<=1k,kp<=512,0.0104,2
512,n<=4,sr<=70%,kvB<=1k,kp=0,-0.0138,2
512,n<=4,sr>70%,kvB<=1k,kp<=1k,0.0551,2
512,n<=4,sr>70%,kvB<=1k,kp<=512,0.109,2
512,n<=4,sr>70%,kvB<=1k,kp=0,0.0136,2
512,n<=64,sr<=15%,kvB<=1k,kp<=1k,0.1676,4
512,n<=64,sr<=15%,kvB<=1k,kp<=512,0.1659,4
512,n<=64,sr<=15%,kvB<=1k,kp=0,0.173,4
512,n<=64,sr<=40%,kvB<=1k,kp<=1k,0.1202,2
512,n<=64,sr<=40%,kvB<=1k,kp<=512,0.1111,2
512,n<=64,sr<=40%,kvB<=1k,kp=0,0.1204,2
512,n<=64,sr<=5%,kvB<=1k,kp<=1k,0.1594,6
512,n<=64,sr<=5%,kvB<=1k,kp<=512,0.1455,6
512,n<=64,sr<=5%,kvB<=1k,kp=0,0.1552,6
512,n<=64,sr<=70%,kvB<=1k,kp<=1k,0.1724,2
512,n<=64,sr<=70%,kvB<=1k,kp<=512,0.1689,2
512,n<=64,sr<=70%,kvB<=1k,kp=0,0.1665,2
512,n<=64,sr>70%,kvB<=1k,kp<=1k,0.1971,4
512,n<=64,sr>70%,kvB<=1k,kp<=512,0.205,4
512,n<=64,sr>70%,kvB<=1k,kp=0,0.2354,4
512,n<=8,sr<=15%,kvB<=1k,kp<=1k,0.1197,2
512,n<=8,sr<=15%,kvB<=1k,kp<=512,0.1291,2
512,n<=8,sr<=15%,kvB<=1k,kp=0,0.122,2
512,n<=8,sr<=40%,kvB<=1k,kp<=1k,0.0203,4
512,n<=8,sr<=40%,kvB<=1k,kp<=512,0.0434,4
512,n<=8,sr<=40%,kvB<=1k,kp=0,0.0104,4
512,n<=8,sr<=70%,kvB<=1k,kp<=1k,0.0007,2
512,n<=8,sr<=70%,kvB<=1k,kp<=512,0.0014,2
512,n<=8,sr<=70%,kvB<=1k,kp=0,0.0088,2
512,n<=8,sr>70%,kvB<=1k,kp<=1k,0.7247,4
512,n<=8,sr>70%,kvB<=1k,kp<=512,0.7574,4
512,n<=8,sr>70%,kvB<=1k,kp=0,0.7287,4
1024,n<=128,sr<=15%,kvB<=1k,kp<=512,0.0428,4
1024,n<=128,sr<=15%,kvB<=1k,kp=0,0.0412,4
1024,n<=128,sr<=40%,kvB<=1k,kp<=512,0.0314,2
1024,n<=128,sr<=40%,kvB<=1k,kp=0,0.0249,2
1024,n<=128,sr<=5%,kvB<=1k,kp<=512,0.0533,8
1024,n<=128,sr<=5%,kvB<=1k,kp=0,0.0523,8
1024,n<=128,sr<=70%,kvB<=1k,kp<=512,-0.0162,2
1024,n<=128,sr<=70%,kvB<=1k,kp=0,-0.0165,2
1024,n<=128,sr>70%,kvB<=1k,kp<=512,-0.0591,4
1024,n<=128,sr>70%,kvB<=1k,kp=0,-0.0558,4
1024,n<=16,sr<=15%,kvB<=1k,kp<=512,0.4397,4
1024,n<=16,sr<=15%,kvB<=1k,kp=0,0.4299,4
1024,n<=16,sr<=40%,kvB<=1k,kp<=512,0.4889,4
1024,n<=16,sr<=40%,kvB<=1k,kp=0,0.505,4
1024,n<=16,sr<=70%,kvB<=1k,kp<=512,0.9242,2
1024,n<=16,sr<=70%,kvB<=1k,kp=0,0.9242,2
1024,n<=16,sr>70%,kvB<=1k,kp<=512,0.8431,4
1024,n<=16,sr>70%,kvB<=1k,kp=0,0.8844,4
1024,n<=2,sr<=70%,kvB<=1k,kp<=512,-0.036,2
1024,n<=2,sr<=70%,kvB<=1k,kp=0,-0.0471,2
1024,n<=32,sr<=15%,kvB<=1k,kp<=512,0.3398,6
1024,n<=32,sr<=15%,kvB<=1k,kp=0,0.3752,6
1024,n<=32,sr<=40%,kvB<=1k,kp<=512,0.3131,2
1024,n<=32,sr<=40%,kvB<=1k,kp=0,0.3039,2
1024,n<=32,sr<=5%,kvB<=1k,kp<=512,0.342,2
1024,n<=32,sr<=5%,kvB<=1k,kp=0,0.3363,2
1024,n<=32,sr<=70%,kvB<=1k,kp<=512,0.6086,2
1024,n<=32,sr<=70%,kvB<=1k,kp=0,0.4713,2
1024,n<=32,sr>70%,kvB<=1k,kp<=512,0.8588,4
1024,n<=32,sr>70%,kvB<=1k,kp=0,0.8398,4
1024,n<=4,sr<=40%,kvB<=1k,kp<=512,0.1886,2
1024,n<=4,sr<=40%,kvB<=1k,kp=0,0.1143,2
1024,n<=4,sr<=70%,kvB<=1k,kp<=512,0.09,2
1024,n<=4,sr<=70%,kvB<=1k,kp=0,-0.0024,2
1024,n<=4,sr>70%,kvB<=1k,kp<=512,0.0293,2
1024,n<=4,sr>70%,kvB<=1k,kp=0,0.1164,2
1024,n<=64,sr<=15%,kvB<=1k,kp<=512,0.157,4
1024,n<=64,sr<=15%,kvB<=1k,kp=0,0.178,4
1024,n<=64,sr<=40%,kvB<=1k,kp<=512,0.1101,2
1024,n<=64,sr<=40%,kvB<=1k,kp=0,0.1167,2
1024,n<=64,sr<=5%,kvB<=1k,kp<=512,0.143,6
1024,n<=64,sr<=5%,kvB<=1k,kp=0,0.1467,6
1024,n<=64,sr<=70%,kvB<=1k,kp<=512,0.1606,2
1024,n<=64,sr<=70%,kvB<=1k,kp=0,0.1581,2
1024,n<=64,sr>70%,kvB<=1k,kp<=512,0.2069,4
1024,n<=64,sr>70%,kvB<=1k,kp=0,0.2477,4
1024,n<=8,sr<=15%,kvB<=1k,kp<=512,0.1395,2
1024,n<=8,sr<=15%,kvB<=1k,kp=0,0.1384,2
1024,n<=8,sr<=40%,kvB<=1k,kp<=512,0.0179,4
1024,n<=8,sr<=40%,kvB<=1k,kp=0,0.0304,4
1024,n<=8,sr<=70%,kvB<=1k,kp<=512,0.0282,2
1024,n<=8,sr<=70%,kvB<=1k,kp=0,-0.0036,2
1024,n<=8,sr>70%,kvB<=1k,kp<=512,0.7686,4
1024,n<=8,sr>70%,kvB<=1k,kp=0,0.8169,4
